class_name,area_ratio,calories
Appam,0.43099522428899995,156.57476371032524
Appam,0.11116072787299999,40.383196192707686
Appam,0.192857567832,70.062558495533
Appam,0.20723261624999997,75.28482009503415
Appam,0.332411425582,120.7605965958783
Appam,0.610330859754,221.72498618458866
Appam,0.38368611699599997,139.38800181994074
Appam,0.37374917337900004,135.77804395694756
Appam,0.429444779121,156.01150785006394
Appam,0.6136879070000001,222.94455626259582
Appam,0.280444920582,101.88186480795834
Appam,0.423702985168,153.92559139252677
Appam,0.31021626062700003,112.6973919186716
Appam,0.402143689297,146.0933893946241
Appam,0.38644106625,140.38883780180248
Appam,0.507837151584,184.49040159032413
Appam,0.608742466541,221.1479443103664
Appam,0.821164123742,298.31787313746673
Appam,0.292052939664,106.09890189440728
Appam,0.227582745,82.67774795348622
Appam,0.132658124004,48.19291084825009
Appam,0.267967203744,97.34887823304409
Appam,0.35390552441400003,128.56911338707624
Appam,0.309166660334,112.31608626003495
Appam,0.5109200628689999,185.6103817636197
Appam,0.36664359275,133.19668215683552
Appam,0.412853610496,149.9841596087395
Appam,0.3618491445,131.4549236417533
Appam,0.196914785254,71.53649097406343
Appam,0.269690300619,97.97485613453522
Appam,0.431029419756,156.58718646320918
Appam,0.705006841289,256.11949592037575
Appam,0.895854556754,325.4519021039549
Appam,0.504950927992,183.44187540844342
Appam,0.503394050246,182.8762826791784
Appam,0.156535610496,56.86728029549596
Appam,0.218705422914,79.45273633000737
Appam,0.048124624416,17.483028284162042
Appam,0.12030890987500001,43.706607577845766
Appam,0.034675463249999997,12.597129060702182
Appam,0.8709069229999999,316.3887625608006
Appam,0.287581159496,104.47436435034479
Appam,0.38939306754299996,141.4612601370767
Appam,0.38950699275,141.50264763132586
Appam,0.23540231649599996,85.5184930251328
Appam,0.235128375504,85.41897395003464
Appam,0.552611407,200.75628591336041
Appam,0.11978153182800001,43.51501823197481
Appam,0.13337907516800002,48.4548227019979
Appam,0.302874736508,110.03031502448474
Appam,0.375864227375,136.54641460468406
Appam,0.203017685793,73.75359259373427
Appam,0.831738201168,302.15929313733307
Appam,0.4843478747520001,175.95706348718386
Appam,0.525950232754,191.07064017402826
Appam,0.274745764752,99.81143820659021
Appam,0.209270715871,76.02523425415299
Appam,0.2878950195,104.58838546518544
Appam,0.172244433,62.57408406759988
Appam,0.386232482129,140.31306199822328
Appam,0.7566642341719999,274.8859314368947
Appam,0.311009447664,112.98554609277235
Appam,0.137595943758,49.98675430092905
Appam,0.172859707256,62.79760492310162
Appam,0.223362793586,81.14469640609123
Appam,0.15005882249799998,54.514350394563394
Appam,0.16657392562099999,60.514065062866685
Appam,0.41595765263100004,151.11181633541506
Appam,0.317737993629,115.42993627440812
Appam,0.44217405000399995,160.63588062356362
Appam,0.531936428375,193.24534446785904
Appam,0.406541249996,147.6909640046064
Appam,0.07346328558599999,26.688222824249195
Appam,0.193863818875,70.42811595513339
Appam,0.100973754996,36.682406064995654
Appam,0.2210446635,80.30255094829872
Appam,0.168504769506,61.21551465677839
Appam,0.28496964325,103.5256356496552
Appam,0.157477481879,57.20944949118025
Appam,0.34120178499599996,123.95401585115287
Appam,0.111376241496,40.46148939109115
Appam,0.249728750748,90.72309375248166
Appam,0.197041027008,71.58235290405472
Appam,0.215924965797,78.44263368485822
Appam,0.514143651492,186.78146812026824
Appam,0.278149913664,101.0481196858582
Appam,0.386851223332,140.53784234890438
Appam,0.8305468517519999,301.7264919302794
Appam,0.31783595924999997,115.46552586588238
Appam,0.197565805248,71.77299777503646
Appam,0.179246561541,65.11786311662536
Appam,0.22320958100399999,81.08903633731975
Appam,0.22073574041600003,80.19032335004225
Appam,0.8295519295079999,301.36505007086805
Appam,0.55761942675,202.5756320796815
Appam,0.7501183612910001,272.5079039278633
Appam,0.10824978283200001,39.325689041160466
Appam,0.221039423625,80.30064737224089
Appam,0.26266488333599997,95.42261659901179
Appam,0.217926269832,79.16968050285853
Appam,0.110770406,40.24139751004997
Appam,0.260973502166,94.80816058624805
Appam,0.42025740175199994,152.67385731567148
Appam,0.34462507833600003,125.19765224342582
Appam,0.1985625,72.13508356274598
Appam,0.29389841125,106.76933688121892
Appam,0.362728445,131.77436167785916
Appam,0.45323008666600006,164.65238992661008
Appam,0.339701800164,123.4090915517551
Appam,0.339701800164,123.4090915517551
Appam,0.16075076466799998,58.398589069444085
Appam,0.145607936656,52.89740347789528
Appam,0.212304208,77.1272611132646
Appam,0.099488491281,36.142829749255064
Appam,0.675846062496,245.5257774942489
Appam,0.36977372025,134.33381534550182
Appam,0.177564626377,64.50683871069644
Appam,0.443312493084,161.04946167087735
Appam,0.27640122104700005,100.41284319582182
Appam,0.211075592992,76.68092181823899
Appam,0.144139250844,52.36384969117302
Appam,0.14784698875199997,53.71082096632487
Appam,0.069356665125,25.196342886623928
Appam,0.210648334875,76.52570469530461
Appam,0.15092088399999998,54.827525734735865
Appam,0.067643056672,24.57381200112953
Appam,0.6040890232889999,219.45741101310475
Appam,0.199007348496,72.29669103360135
Appam,0.34118318825,123.94725990364665
Appam,0.22864354108199997,83.0631208915692
Appam,0.268324064328,97.47852087980311
Appam,0.428746673996,155.75789565477302
Appam,0.116284041375,42.244427027255576
Appam,0.646900500336,235.0102443740361
Appam,0.1431377006865,52.0
Appam,0.4294131020595,156.0
Avial,0.539333091,182.42905473048168
Avial,0.402861706832,136.2677009641713
Avial,0.425003926666,143.7572919077968
Avial,0.537321034258,181.74847789284212
Avial,0.702812,237.72568557867197
Avial,0.5357704023319999,181.22397768839406
Avial,0.154599947832,52.29332821407308
Avial,0.323423637918,109.39782766430386
Avial,0.272559844621,92.19318384396331
Avial,0.5586594575,188.96618518066919
Avial,0.5342953978439999,180.7250584139061
Avial,0.9145800357539999,309.3560810233547
Avial,0.646621956922,218.71944135772432
Avial,0.385957576004,130.54989009839517
Avial,0.530971556332,179.60077126144566
Avial,0.782015977002,264.5163774469921
Avial,0.744778643492,251.9208744706821
Avial,0.44606917500000004,150.8825979670063
Avial,0.795612556242,269.11541121612777
Avial,0.842279271582,284.90039624470757
Avial,0.625878861,211.7031031348687
Avial,0.385817616172,130.50254877949953
Avial,0.158865016328,53.735984759851455
Avial,0.470343035797,159.0932150304714
Avial,0.734106330496,248.31097178876394
Avial,0.355643141328,120.2960529893504
Avial,0.47624357566799996,161.08906866717336
Avial,0.398291185498,134.7217252016956
Avial,0.7469693749999999,252.661887927564
Avial,0.463187734668,156.67293924347098
Avial,0.380724740336,128.77988695858562
Avial,0.3933932803710001,133.06501209176668
Avial,0.5333321152889999,180.3992287385543
Avial,0.23442466450199997,79.29398485695764
Avial,0.494910745498,167.40322628777497
Avial,0.800448908344,270.7513040568131
Avial,0.771503962752,260.9606957079296
Avial,0.559216274582,189.154528183578
Avial,0.357043847664,120.76984096397233
Avial,0.44318002500000003,149.90534492566718
Avial,0.746820035156,252.61137382592787
Avial,0.410041782246,138.69635663638482
Avial,0.7801775068319999,263.89451615040184
Avial,0.34293007675200005,115.99586746016831
Avial,0.919596058004,311.0527471705735
Avial,0.4916477775,166.29952956041998
Avial,0.568442821584,192.27540149190838
Avial,0.66660622875,225.4791078419361
Avial,0.858762349504,290.47578624865474
Avial,0.32787117741399996,110.9022049029179
Avial,0.47629957512899995,161.1080104471348
Avial,0.7999395995,270.5790306834058
Avial,0.559945735668,189.40126790454508
Avial,0.5421324994569999,183.37595275535182
Avial,0.339032991203,114.67768089833561
Avial,0.714317471,241.61740339421942
Avial,0.247305066875,83.65077228325455
Avial,0.21934097737499997,74.1919378467753
Avial,0.38170060949999995,129.10997404595318
Avial,0.529978840508,179.26498580268117
Avial,0.597765152457,202.19366015787963
Avial,0.6146830432479999,207.91612532187168
Avial,0.6760465148359999,228.6722782514526
Avial,0.315571927248,106.7419918191687
Avial,0.53463731325,180.84071106966792
Avial,0.691508907492,233.90242215171932
Avial,0.17333094437500002,58.629075177352604
Avial,0.209166828,70.75053867409231
Avial,0.3547678905403333,120.0
Avial,0.7804893591887332,264.0
Banana_Chips,0.03813408150000001,257.10861229956544
Banana_Chips,0.045181038874999996,304.62079458774866
Banana_Chips,0.043179959627000004,291.129065186721
Banana_Chips,0.033871064418,228.36638584362305
Banana_Chips,0.038551428672,259.9224614344939
Banana_Chips,0.0329552085,222.1914778641736
Banana_Chips,0.030190309578,203.54990326681548
Banana_Chips,0.017653327000000003,119.022727935389
Banana_Chips,0.014764451828,99.54527738817734
Banana_Chips,0.013592632414000001,91.64460556003249
Banana_Chips,0.017035490751999997,114.85713605266196
Banana_Chips,0.014414270500000001,97.1842755820817
Banana_Chips,0.014717859998000002,99.23114472037474
Banana_Chips,0.022065799164,148.77261439578533
Banana_Chips,0.012678934619,85.48424813452002
Banana_Chips,0.014937005078000002,100.70867047148211
Banana_Chips,0.013244693332,89.29872148418802
Banana_Chips,0.013160415585999998,88.73050183736643
Banana_Chips,0.012910479249999999,87.04537446614084
Banana_Chips,0.00488658625,32.94647098343347
Banana_Chips,0.00767084275,51.71855875486819
Banana_Chips,0.009534181375,64.28160968656378
Banana_Chips,0.007670129084000001,51.71374705709844
Banana_Chips,0.012134165918,81.81129419859403
Banana_Chips,0.0062312865020000005,42.01274456735593
Banana_Chips,0.006494546248000001,43.78770138566546
Banana_Chips,0.009577081416,64.57085147698436
Banana_Chips,0.013608177336,91.74941294404474
Banana_Chips,0.011833988168000001,79.78742783785042
Banana_Chips,0.013049434125,87.98223969740411
Banana_Chips,0.011308636499999998,76.24538793507361
Banana_Chips,0.022959960297,154.8012512223426
Banana_Chips,0.031695740663999994,213.69986052838178
Banana_Chips,0.024836633289,167.45420547569714
Banana_Chips,0.026999578125,182.03726932278286
Banana_Chips,0.040687400000000006,274.3236637829428
Banana_Chips,0.027446951664,185.05356302299526
Banana_Chips,0.036362917502000006,245.1670235745104
Banana_Chips,0.03129951875,211.02844266635157
Banana_Chips,0.035485657505999996,239.25233804058755
Banana_Chips,0.040398350125,272.3748240751708
Banana_Chips,0.03471412425,234.05048612780124
Banana_Chips,0.033313052131,224.60414065209594
Banana_Chips,0.051984854418,350.49365958917645
Banana_Chips,0.026644159344,179.64095542262737
Banana_Chips,0.04008097975,270.23504114369405
Banana_Chips,0.052229556335999995,352.1434953289994
Banana_Chips,0.023141522168,156.0253824682813
Banana_Chips,0.013819876249999998,93.17673495792003
Banana_Chips,0.016593391629,111.87640365942511
Banana_Chips,0.010870717793000001,73.29284085309422
Banana_Chips,0.0149521545,100.81081130493997
Banana_Chips,0.111889783957,754.3862590130155
Banana_Chips,0.085764214498,578.241754021086
Banana_Chips,0.025737624414,173.52889165485618
Banana_Chips,0.01528296875,103.04123588580792
Banana_Chips,0.017074137375,115.11770033581101
Banana_Chips,0.068121941004,459.2935513260311
Banana_Chips,0.14019181932799998,945.2049900080449
Banana_Chips,0.068506180008,461.8841776955113
Banana_Chips,0.036175334664000004,243.90229760571017
Banana_Chips,0.046835392758,315.77482306777193
Banana_Chips,0.046195126328000005,311.4580018190605
Banana_Chips,0.08334828124999999,561.9529850152909
Banana_Chips,0.038167484586,257.333823468949
Banana_Chips,0.043715111243999995,294.7371785646907
Banana_Chips,0.04803869236899999,323.8877415122562
Banana_Chips,0.037038604584000004,249.72265887942163
Banana_Chips,0.024410791002,164.58308035186155
Banana_Chips,0.015531390625,104.71615241804709
Banana_Chips,0.009710534496,65.47062236056793
Banana_Chips,0.008441418832,56.913957183810446
Banana_Chips,0.015466609672,104.27938456435503
Banana_Chips,0.009073178832,61.17342615532281
Banana_Chips,0.008874719078,59.83536555595442
Banana_Chips,0.009039110121,60.94372719146957
Banana_Chips,0.007300828828,49.22384110926449
Banana_Chips,0.004658818992,31.410812555901735
Banana_Chips,0.006063343663999999,40.88043592570604
Banana_Chips,0.0055832895,37.64380205176134
Banana_Chips,0.010451458414,70.46609918558434
Banana_Chips,0.009569417168,64.51917738152726
Banana_Chips,0.008817055832,59.44658689454235
Banana_Chips,0.009316142663999999,62.811543325773194
Banana_Chips,0.005435725008000001,36.64888883317995
Banana_Chips,0.004789086666,32.28910671095126
Banana_Chips,0.013033384334,87.8740283722747
Banana_Chips,0.0068153279609999996,45.95048433037876
Banana_Chips,0.008881050504,59.878053463692204
Banana_Chips,0.009025503834,60.85199052359887
Banana_Chips,0.010568867961000001,71.25770093689152
Banana_Chips,0.040053967492,270.05291838378287
Banana_Chips,0.011615546875,78.31464717805787
Banana_Chips,0.025477398492,171.7743895649135
Banana_Chips,0.023387115748000002,157.68122999521026
Banana_Chips,0.027230872207000004,183.5967063963131
Banana_Chips,0.043553743251999996,293.649199023537
Banana_Chips,0.026660310872999998,179.74985268838964
Banana_Chips,0.049600188992,334.4157053193821
Banana_Chips,0.053162879866999996,358.43617391054437
Banana_Chips,0.017519643996,118.12140685213495
Banana_Chips,0.015829894992,106.72873645169506
Banana_Chips,0.031205238456999997,210.39278358274606
Banana_Chips,0.023431529496,157.98067754097855
Banana_Chips,0.049265056163999996,332.1561639077682
Banana_Chips,0.0230887665,155.6696918089844
Banana_Chips,0.021345456629000004,143.91590191526575
Banana_Chips,0.037551555077999996,253.1810872590514
Banana_Chips,0.06947524337500001,468.417822344058
Banana_Chips,0.060980352456999995,411.1433442485736
Banana_Chips,0.02332143825,157.23841743212054
Banana_Chips,0.037033453373,249.6879282484538
Banana_Chips,0.04943333937299999,333.29076740777134
Banana_Chips,0.031989893258,215.6831039230774
Banana_Chips,0.020898270291,140.9008703665839
Banana_Chips,0.047947291703,323.2714975259283
Banana_Chips,0.069857105879,470.9924258124193
Banana_Chips,0.053931616508,363.61917041175394
Banana_Chips,0.039700776832000004,267.6716269799302
Banana_Chips,0.063332845008,427.0043817101072
Banana_Chips,0.304137397168,2050.563198546325
Banana_Chips,0.036759324258,247.839687683159
Banana_Chips,0.039224578758000006,264.46099173791276
Banana_Chips,0.026911998078,181.44678481486832
Banana_Chips,0.039332554258,265.18898700816334
Banana_Chips,0.050916014578,343.2872993669461
Banana_Chips,0.050919305668,343.3094886409386
Banana_Chips,0.050915795172,343.2858200820133
Banana_Chips,0.050919305668,343.3094886409386
Banana_Chips,0.037633030252,253.73041133085334
Banana_Chips,0.028159936874999996,189.86067075916355
Banana_Chips,0.036982353879,249.34340388927788
Banana_Chips,0.0440026425,296.67577939929873
Banana_Chips,0.051805224992,349.2825573249977
Banana_Chips,0.014573742749999999,98.25947360141221
Banana_Chips,0.013196424247999997,88.97328039013121
Banana_Chips,0.014596369913999999,98.41203106464401
Banana_Chips,0.015722925328,106.00752275551122
Banana_Chips,0.041850944125,282.16854173884843
Banana_Chips,0.049254879002,332.08754717711565
Banana_Chips,0.025612382249999996,172.68448062616952
Banana_Chips,0.03215793175,216.81605748565454
Banana_Chips,0.025741753332,173.55672975493678
Banana_Chips,0.025892048336,174.57005270370107
Banana_Chips,0.022586136128999998,152.28084403544025
Banana_Chips,0.028427281663999996,191.6631698623689
Banana_Chips,0.100595889121,678.2402627146338
Banana_Chips,0.03660157025,246.7760744404597
Banana_Chips,0.074708993875,503.70495331054406
Banana_Chips,0.052168153248000004,351.72950180599855
Banana_Chips,0.08349397599599999,562.9352919829676
Banana_Chips,0.088165920506,594.4345997532799
Banana_Chips,0.060283493256,406.44496172329127
Banana_Chips,0.057516753250000004,387.7909741207224
Banana_Chips,0.054916763373,370.2612536456563
Banana_Chips,0.125899473666,848.8427592916047
Banana_Chips,0.07157139466399999,482.55054897298515
Banana_Chips,0.033208301004000004,223.89788483471682
Banana_Chips,0.063876101121,430.6671374352369
Banana_Chips,0.034457363248,232.31934531307186
Banana_Chips,0.06851245412899999,461.92647923996327
Banana_Chips,0.016359254496,110.29779809229144
Banana_Chips,0.052306147992,352.6598936166542
Banana_Chips,0.07449238949999999,502.24455756784687
Banana_Chips,0.070419604498,474.7849188701454
Banana_Chips,0.026004139746,175.32579837115082
Banana_Chips,0.057090809496,384.9191648833973
Banana_Chips,0.060453452664,407.5908665364998
Banana_Chips,0.09500473758599999,640.5434530426758
Banana_Chips,0.024867825625000003,167.66451126799328
Banana_Chips,0.037395890707,252.13156282216957
Banana_Chips,0.023664632502,159.55231078971738
Banana_Chips,0.029467644744,198.67753332059203
Banana_Chips,0.050640960000000006,341.4328191205497
Banana_Chips,0.034547313875,232.9258128081247
Banana_Chips,0.063008576582,424.81809055683993
Banana_Chips,0.029340631155999997,197.82117895018797
Banana_Chips,0.028816561253999996,194.28778100401772
Banana_Chips,0.037637172703,253.75834067348427
Banana_Chips,0.042706218038999995,287.9349921295457
Banana_Chips,0.053491264664000004,360.6502185691773
Banana_Chips,0.032816771078,221.25810141820492
Banana_Chips,0.037934637877,255.7639182326183
Banana_Chips,0.050670694584,341.6332964187782
Banana_Chips,0.019052532252,128.45648657105937
Banana_Chips,0.040411054125,272.4604773197796
Banana_Chips,0.038560366791,259.98272425667983
Banana_Chips,0.030964716621,208.77113090227695
Banana_Chips,0.044099255627,297.32716697796354
Banana_Chips,0.041903621132999995,282.5237020546141
Banana_Chips,0.066595223996,449.00007955849884
Banana_Chips,0.037147199668,250.45483152529468
Banana_Chips,0.046641768129,314.46936197598694
Banana_Chips,0.049688735082,335.01270310794695
Banana_Chips,0.033903196992,228.58303093341635
Banana_Chips,0.057918715668,390.501095760562
Banana_Chips,0.090301239336,608.8314028124655
Banana_Chips,0.057451840125,387.3533151334782
Banana_Chips,0.034445152756,232.23701941114567
Banana_Chips,0.03542040375,238.81238244201117
Banana_Chips,0.034292763999999996,231.20957991230213
Banana_Chips,0.02381059575,160.5364280586758
Banana_Chips,0.022835818008000004,153.96425579995434
Banana_Chips,0.019558977707,131.87105650479361
Banana_Chips,0.017840775797,120.28655016941586
Banana_Chips,0.041915151498,282.60144238630295
Banana_Chips,0.058119980256,391.8580671858663
Banana_Chips,0.059955871586,404.2360622396898
Banana_Chips,0.029052564666,195.87896944675714
Banana_Chips,0.032288769506,217.69819526263362
Banana_Chips,0.045489901497999995,306.7032163288029
Banana_Chips,0.049275585,332.22715170415944
Banana_Chips,0.020213075586,136.28113251456404
Banana_Chips,0.033382391289,225.0716409560275
Banana_Chips,0.046061917125000004,310.55987520943273
Banana_Chips,0.050805086369,342.53939626402587
Banana_Chips,0.029719879756,200.37815888590646
Banana_Chips,0.047843887256,322.5743213300423
Banana_Chips,0.076123613619,513.242639941633
Banana_Chips,0.052813261997999995,356.0789710726126
Banana_Chips,0.05334330058199999,359.6526112243353
Banana_Chips,0.042230491043,284.7275330020721
Banana_Chips,0.0258328425,174.17087355121524
Banana_Chips,0.049367663496,332.8479657738307
Banana_Chips,0.06304770925,425.08193186543576
Banana_Chips,0.045521611543,306.9170126324036
Banana_Chips,0.053954106543,363.77080332021717
Banana_Chips,0.050673591831999994,341.6528303208276
Banana_Chips,0.027709380258,186.82291602632026
Banana_Chips,0.053532959047000006,360.93133154036076
Banana_Chips,0.028430445582,191.68450171394136
Banana_Chips,0.047517469991999996,320.37354222441047
Banana_Chips,0.036344448492,245.04250132709114
Banana_Chips,0.035638620039,240.2836460738873
Banana_Chips,0.024438693,164.77120194031954
Banana_Chips,0.024029686541,162.01358778105234
Banana_Chips,0.026629953006,179.54517307504312
Banana_Chips,0.011618813752000001,78.33667320252167
Banana_Chips,0.020831566211,140.4511363551978
Banana_Chips,0.017230436999999998,116.17150779900354
Banana_Chips,0.023146695078,156.06025939882048
Banana_Chips,0.018436435506,124.30262280469758
Banana_Chips,0.020150766129,135.861028046533
Banana_Chips,0.019889393664,134.09879570406878
Banana_Chips,0.036984019252,249.3546322111398
Banana_Chips,0.042382914,285.75520309180183
Banana_Chips,0.012769808,86.0969370459831
Banana_Chips,0.019886378491999996,134.07846673170934
Banana_Chips,0.040982538121,276.3135518238285
Banana_Chips,0.042205392873,284.5583154568702
Banana_Chips,0.024492968750000003,165.13714133665766
Banana_Chips,0.011469738499999998,77.33157409793385
Banana_Chips,0.006965315503999999,46.96173430746163
Banana_Chips,0.032925476094,221.99101525051427
Banana_Chips,0.021191457,142.87760154590092
Banana_Chips,0.013464154538999998,90.77837863511107
Banana_Chips,0.036466096248,245.86267804314807
Banana_Chips,0.043554105664,293.65164248730315
Banana_Chips,0.064803536754,436.9201184752496
Banana_Chips,0.036211725746,244.14765452070753
Banana_Chips,0.039325849332,265.14378087885274
Banana_Chips,0.064772397375,436.7101697310387
Banana_Chips,0.05410092633599999,364.76069560951584
Banana_Chips,0.057954503378999996,390.7423846116541
Banana_Chips,0.058561477508000004,394.83474162853753
Banana_Chips,0.051423239625,346.70712548647
Banana_Chips,0.055527044881,374.3759097606585
Banana_Chips,0.062017547004,418.13634473984933
Banana_Chips,0.045297093504,305.4032611751013
Banana_Chips,0.027418619743999995,184.8625428030646
Banana_Chips,0.07657799075199999,516.3061534584403
Banana_Chips,0.0176257165,118.83657169245187
Banana_Chips,0.018213132083999998,122.79706057023901
Banana_Chips,0.020436502744,137.78752900515252
Banana_Chips,0.021166149255999998,142.70697100533647
Banana_Chips,0.022013820006,148.42215914273615
Banana_Chips,0.026153163504,176.33055029153067
Banana_Chips,0.023708798879,159.85009050419063
Banana_Chips,0.019399009168,130.79251239264875
Banana_Chips,0.015718782541,105.9795911474922
Banana_Chips,0.020124663832,135.6850404497293
Banana_Chips,0.031752162992,214.08027263965275
Banana_Chips,0.031096610996,209.6603926438078
Banana_Chips,0.03902058650000001,263.0856297438332
Banana_Chips,0.041506626538999995,279.8470746090633
Banana_Chips,0.020873981664,140.73711094359552
Banana_Chips,0.018395769083999997,124.02844057934074
Banana_Chips,0.010937109375,73.74046793220435
Banana_Chips,0.0145302255,97.96607044815696
Banana_Chips,0.030735969957,207.22886909772305
Banana_Chips,0.045329034581999994,305.6186151555015
Banana_Chips,0.03749039175,252.76871025226018
Banana_Chips,0.031232790328000002,210.57854453568964
Banana_Chips,0.026449174836000004,178.3263257187025
Banana_Chips,0.029896524331999998,201.56913661551573
Banana_Chips,0.017392529,117.26436876603277
Banana_Chips,0.019305508129,130.16210721596033
Banana_Chips,0.024082313332,162.36840952243318
Banana_Chips,0.044010788296999996,296.73070020715255
Banana_Chips,0.028313726624999997,190.89755607678677
Banana_Chips,0.050472675749999994,340.2982086018887
Banana_Chips,0.013996783664,94.3694848008406
Banana_Chips,0.043220964586,291.40552990518785
Banana_Chips,0.028895448752,194.8196583782916
Banana_Chips,0.015488734668,104.42855629722325
Banana_Chips,0.032461307082000006,218.8614826682813
Banana_Chips,0.042295044117,285.16276444394674
Banana_Chips,0.036882872586,248.67267848599275
Banana_Chips,0.04430803125,298.7347795019864
Banana_Chips,0.0264197445,178.12789972938185
Banana_Chips,0.019442165246000002,131.08348044249865
Banana_Chips,0.0320559375,216.12838915725817
Banana_Chips,0.028428007377,191.6680627837405
Banana_Chips,0.013272925331999998,89.48906802085342
Banana_Chips,0.01375953125,92.76987530380153
Banana_Chips,0.03197874225,215.60792130218164
Banana_Chips,0.017232247752,116.18371629900213
Banana_Chips,0.052399826,353.2914919584122
Banana_Chips,0.048455237207,326.6961811296816
Banana_Chips,0.045754581168,308.48774659623854
Banana_Chips,0.036198513172,244.05857235503257
Banana_Chips,0.088996663746,600.0356587853074
Banana_Chips,0.051610042125,347.9665902397797
Banana_Chips,0.318758446875,2149.141626363703
Banana_Chips,0.43439218474399993,2928.770470407325
Banana_Chips,0.026251214748,176.9916339806471
Banana_Chips,0.058872349578,396.93071151627146
Banana_Chips,0.043592441999999995,293.91011474523884
Banana_Chips,0.0456839175,308.0113161459738
Banana_Chips,0.032238031584,217.35610870375365
Banana_Chips,0.038466469875000006,259.34964998761774
Banana_Chips,0.047225144250000003,318.4026158795591
Banana_Chips,0.059329637994,400.0138535622763
Banana_Chips,0.039041511,263.2267074608371
Banana_Chips,0.040246333754,271.34989528031764
Banana_Chips,0.042005800711,283.2126199063509
Banana_Chips,0.036451077418,245.76141769052458
Banana_Chips,0.041916873752,282.6130542127466
Banana_Chips,0.037248873129,251.14033702161572
Banana_Chips,0.046106951832,310.8635094013848
Banana_Chips,0.037201852008000004,250.82330997668535
Banana_Chips,0.028223407500000002,190.28860408477775
Banana_Chips,0.031431974969,211.9214924873506
Banana_Chips,0.025044687500000003,168.85695407666427
Banana_Chips,0.02562321625,172.7575259073481
Banana_Chips,0.031437565082,211.9591822949844
Banana_Chips,0.03800038725,256.20721539323296
Banana_Chips,0.033112132344000005,223.24949395320814
Banana_Chips,0.041889625998,282.4293436854793
Banana_Chips,0.043707543754,294.6861568335789
Banana_Chips,0.0175443765,118.28815899436587
Banana_Chips,0.019111819256,128.85621297658037
Banana_Chips,0.020002822625,134.86355944322665
Banana_Chips,0.01760484375,118.69584288566587
Banana_Chips,0.019836954166000002,133.74523673450332
Banana_Chips,0.016206557168,109.26827813115295
Banana_Chips,0.020537525749999997,138.46864898657884
Banana_Chips,0.012119625875,81.71326193633787
Banana_Chips,0.014962475417999999,100.88039727109566
Banana_Chips,0.017044696252,114.91920161809387
Banana_Chips,0.014933188875,100.68294076674059
Banana_Chips,0.020473701,138.03832807002902
Banana_Chips,0.023411806956999997,157.8477037172006
Banana_Chips,0.023543697879,158.73694217782358
Banana_Chips,0.025532795499999997,172.14788873657773
Banana_Chips,0.015321333210999998,103.29989776886207
Banana_Chips,0.018052933,121.71696207150106
Banana_Chips,0.012192958998,82.20769045666616
Banana_Chips,0.008349425584,56.293717875458164
Banana_Chips,0.017137246707,115.54319774221038
Banana_Chips,0.007154768999999999,48.23907267607715
Banana_Chips,0.007611879664000001,51.321016277849054
Banana_Chips,0.013159296748000001,88.72295837822826
Banana_Chips,0.011629647381,78.4097159823342
Banana_Chips,0.019709778164,132.8877873321353
Banana_Chips,0.017882678961,120.56907078937628
Banana_Chips,0.020153389493999998,135.87871536738024
Banana_Chips,0.016912484372999997,114.02779919270154
Banana_Chips,0.014412890496000003,97.17497128263481
Banana_Chips,0.008446108495999999,56.94557596039462
Banana_Chips,0.017476939998000002,117.83348682801105
Banana_Chips,0.014127728082,95.25234171717551
Banana_Chips,0.01076439375,72.57598007988248
Banana_Chips,0.034865959996,235.07419710800485
Banana_Chips,0.162929906832,1098.5103246205892
Banana_Chips,0.07507115699400001,506.14673906463844
Banana_Chips,0.09066063087899999,611.2545019735907
Banana_Chips,0.058297447883,393.05459411168374
Banana_Chips,0.241836954332,1630.5195060500905
Banana_Chips,0.016915289256,114.04671034900652
Banana_Chips,0.067168035125,452.86210189374077
Banana_Chips,0.055060583748,371.2309231796309
Banana_Chips,0.026748759836,180.34619562472773
Banana_Chips,0.04582476474200001,308.96094014404605
Banana_Chips,0.085049618502,573.4237860077124
Banana_Chips,0.034265671874999994,231.0269186709924
Banana_Chips,0.14444959732799997,973.9118933868405
Banana_Chips,0.137321938836,925.8556058944217
Banana_Chips,0.130875641418,882.3932090457589
Banana_Chips,0.1450625,978.0442219830497
Banana_Chips,0.13214275675,890.9363875312306
Banana_Chips,0.090675256707,611.3531126177414
Banana_Chips,0.06222003050199999,419.50153433237534
Banana_Chips,0.07631184066800001,514.5117093268661
Banana_Chips,0.032819203124999995,221.27449882977538
Banana_Chips,0.095159495504,641.5868659681806
Banana_Chips,0.057554492256000005,388.0454190445427
Banana_Chips,0.057830581751999996,389.906876942435
Banana_Chips,0.048601532578,327.6825376471097
Banana_Chips,0.040071499999999996,270.1711265226628
Banana_Chips,0.064753851,436.5851258712715
Banana_Chips,0.053957748498,363.7953582054871
Banana_Chips,0.053405951630999995,360.0750187829782
Banana_Chips,0.04359091725,293.8998345354847
Banana_Chips,0.04111552574999999,277.2101845313764
Banana_Chips,0.043837050754,295.5593223522784
Banana_Chips,0.029468659168,198.68437279689942
Banana_Chips,0.040237657293,271.29139661561584
Banana_Chips,0.04664136075,314.46661533452476
Banana_Chips,0.035828911006000004,241.56663086161618
Banana_Chips,0.032782305000000005,221.0257233160606
Banana_Chips,0.019185635328,129.3538976484224
Banana_Chips,0.029769166250000003,200.71045958855882
Banana_Chips,0.023170264996,156.21917312299118
Banana_Chips,0.016386688164,110.48276209384389
Banana_Chips,0.023843511594,160.75835413216754
Banana_Chips,0.019748728836,133.15040158248917
Banana_Chips,0.02827043475,190.60567245281393
Banana_Chips,0.034307266418,231.30735849828878
Banana_Chips,0.025740921672,173.55112251490124
Banana_Chips,0.029168543664,196.66092611278236
Banana_Chips,0.029448005000000003,198.54511771945167
Banana_Chips,0.020450097504,137.8791879553791
Banana_Chips,0.030228506125,203.80743303566032
Banana_Chips,0.025338208206999998,170.83593714612553
Banana_Chips,0.013994907168,94.35683303990739
Banana_Chips,0.011442672584,77.14908956363672
Banana_Chips,0.017032676373,114.8381608721748
Banana_Chips,0.013021425,87.79339583445503
Banana_Chips,0.013654231491999999,92.05992049199203
Banana_Chips,0.017857908746,120.40206439104432
Banana_Chips,0.016944938496,114.2466122386623
Banana_Chips,0.022859933992,154.12685122474457
Banana_Chips,0.028398125251999997,191.46659073068182
Banana_Chips,0.034953703043,235.66578059882804
Banana_Chips,0.036349173504,245.0743584278953
Banana_Chips,0.030572531495999998,206.1269299857482
Banana_Chips,0.009867703124999998,66.53028884549991
Banana_Chips,0.008942405328,60.291721579876516
Banana_Chips,0.022650194499999998,152.71274007767167
Banana_Chips,0.015136755,102.05542967564351
Banana_Chips,0.010619442707,71.598687326231
Banana_Chips,0.01016055225,68.50474395704867
Banana_Chips,0.010060755414,67.83189109140808
Banana_Chips,0.014733374832,99.33574924427805
Banana_Chips,0.022100062248,149.00362386641706
Banana_Chips,0.0203610015,137.27848252210742
Banana_Chips,0.012017277491999998,81.023205963068
Banana_Chips,0.019703333336,132.84433484243553
Banana_Chips,0.012926981495999999,87.15663634533114
Banana_Chips,0.008534575742,57.542042164858586
Banana_Chips,0.006476668422000001,43.66716503463801
Banana_Chips,0.010546719288999999,71.10836957507024
Banana_Chips,0.011424989081999999,77.0298633890187
Banana_Chips,0.013506399168,91.06320148942055
Banana_Chips,0.013650846,92.03709473833985
Banana_Chips,0.008297611504,55.94437561566416
Banana_Chips,0.008204709219000001,55.31800737402162
Banana_Chips,0.12353748333599998,832.9176856534394
Banana_Chips,0.18928907837099998,1276.2298277311722
Banana_Chips,0.09125093999999999,615.2344997330249
Banana_Chips,0.031406692291,211.75103094743397
Banana_Chips,0.047800765336,322.28358358116293
Banana_Chips,0.09915104175,668.498774577769
Banana_Chips,0.074603391078,502.99295534117846
Banana_Chips,0.106618242168,718.8443306188846
Banana_Chips,0.06053259375,408.12445365849044
Banana_Chips,0.117001004373,788.8472644082804
Banana_Chips,0.045828069664,308.98322267651446
Banana_Chips,0.034871548004000004,235.11187272325205
Banana_Chips,0.034856913999999996,235.01320695465793
Banana_Chips,0.04073979567199999,274.6769272676925
Banana_Chips,0.030563618999999997,206.06683991963016
Banana_Chips,0.037955385,255.90380003372417
Banana_Chips,0.047390620120999996,319.5182916710914
Banana_Chips,0.04739444933599999,319.5441091056832
Banana_Chips,0.027661567499999998,186.50055158548287
Banana_Chips,0.034584160164000004,233.17423883179018
Banana_Chips,0.0277474675,187.07970883610483
Banana_Chips,0.015252284663999999,102.83435683009654
Banana_Chips,0.01965322,132.50645938379463
Banana_Chips,0.037013783120999996,249.55530695546938
Banana_Chips,0.043612265508,294.0437693248776
Banana_Chips,0.019805074289,133.53029538510302
Banana_Chips,0.050427924043,339.99648246001726
Banana_Chips,0.037013783120999996,249.55530695546938
Banana_Chips,0.037013783120999996,249.55530695546938
Banana_Chips,0.037891617498,255.47386509615316
Banana_Chips,0.037013783120999996,249.55530695546938
Banana_Chips,0.03878944524399999,261.52722305779974
Banana_Chips,0.035009989992,236.0452799542266
Banana_Chips,0.037013783120999996,249.55530695546938
Banana_Chips,0.046278559501999994,312.0205271702187
Banana_Chips,0.037013783120999996,249.55530695546938
Banana_Chips,0.015912607371,107.2864020397514
Banana_Chips,0.011558668874999999,77.93116282298365
Banana_Chips,0.012345306496,83.23485178473148
Banana_Chips,0.01177668675,79.40108870274426
Banana_Chips,0.016664543918,112.3561285031119
Banana_Chips,0.021769286000000002,146.77345550363808
Banana_Chips,0.017090055248,115.22502223991378
Banana_Chips,0.018840677745999998,127.02811552068884
Banana_Chips,0.023273036754,156.91208358637724
Banana_Chips,0.025796352077999997,173.92484686344392
Banana_Chips,0.022029464246,148.52763615119332
Banana_Chips,0.014715593749999999,99.21586516320467
Banana_Chips,0.023989759415999998,161.74439006347097
Banana_Chips,0.019619531495999997,132.27932386162692
Banana_Chips,0.0043981557479999996,29.65336194201077
Banana_Chips,0.006409749623,43.215983339134375
Banana_Chips,0.007654516873,51.608485995411705
Banana_Chips,0.0060670581719999995,40.90547997973041
Banana_Chips,0.006586565625,44.40811686165221
Banana_Chips,0.007529708328,50.76699852420887
Banana_Chips,0.008408196619,56.68996550114856
Banana_Chips,0.010210406210999999,68.84087065070842
Banana_Chips,0.009352414122999999,63.05609371541797
Banana_Chips,0.006356278006,42.85546558956477
Banana_Chips,0.007847193499999999,52.90755544305346
Banana_Chips,0.008572302123,57.79640196807017
Banana_Chips,0.009124365999999998,61.51854163245903
Banana_Chips,0.010936955082000002,73.73942765386128
Banana_Chips,0.012484239413999999,84.17156897692892
Banana_Chips,0.009202636164000001,62.04625680111992
Banana_Chips,0.016807173539000003,113.31776970399211
Banana_Chips,0.0073115638830000005,49.296219280848604
Banana_Chips,0.013209699633,89.06278604179069
Banana_Chips,0.171894918582,1158.9544638164368
Banana_Chips,0.062832488004,423.63086149164315
Banana_Chips,0.16182218587500002,1091.0418191035646
Banana_Chips,0.24431241387499997,1647.2096148155117
Banana_Chips,0.8036167875,5418.166346939804
Banana_Chips,0.3506112438750001,2363.9003962721845
Banana_Chips,0.470583444254,3172.7801369306835
Banana_Chips,0.292323970752,1970.9144026963247
Banana_Chips,0.38868213650000005,2620.5829748684328
Banana_Chips,0.020181348668,136.06722244937677
Banana_Chips,0.05468917225199999,368.7267827736618
Banana_Chips,0.073569635252,496.02313948552575
Banana_Chips,0.03746515125,252.59853308597005
Banana_Chips,0.027348890624999997,184.39241329377091
Banana_Chips,0.022311307953,150.42789024259278
Banana_Chips,0.0154251716445,104.0
Banana_Chips,0.05398810075575,364.0
Chapati_Roti,0.13628690433599996,127.04640976988811
Chapati_Roti,0.543529489256,506.6772229545419
Chapati_Roti,0.36790062925000006,342.95631209776315
Chapati_Roti,0.19935210937499998,185.8356817152954
Chapati_Roti,0.130105223,121.283857425577
Chapati_Roti,0.440606340711,410.73244697945853
Chapati_Roti,0.25488141324799996,237.6
Chapati_Roti,0.102514125504,95.56348542390835
Chapati_Roti,0.112231027584,104.6215642566775
Chapati_Roti,0.30513761349999996,284.4487404699719
Chapati_Roti,0.080614331,75.1485359466489
Chapati_Roti,0.0355532,33.142629791449835
Chapati_Roti,0.810584384256,755.6253209873353
Chapati_Roti,0.564937596828,526.6338227484938
Chapati_Roti,0.185014616961,172.47029679312462
Chapati_Roti,0.174098802332,162.29459381502312
Chapati_Roti,0.10819765599999999,100.86166244137351
Chapati_Roti,0.19216156192199998,179.13266617147286
Chapati_Roti,0.21135551149200002,197.02523181491057
Chapati_Roti,0.184161540123,171.6750600823505
Chapati_Roti,0.23937855912900002,223.14826696958733
Chapati_Roti,0.33582501867200004,313.05548497892806
Chapati_Roti,0.296527976998,276.42285263920735
Chapati_Roti,0.167730728,156.3582862514308
Chapati_Roti,0.27110814916799997,252.7265343575313
Chapati_Roti,0.404574064156,377.1432228757069
Chapati_Roti,0.514485496539,479.6024646125334
Chapati_Roti,0.537016273416,500.60561473539633
Chapati_Roti,0.7642770280860001,712.457685945676
Chapati_Roti,0.17272084187099998,161.01006152464757
Chapati_Roti,0.192956980256,179.87415372739173
Chapati_Roti,0.16147140566399998,150.52335710504167
Chapati_Roti,0.10399778625000002,96.94655133192181
Chapati_Roti,0.090699775875,84.55016971728558
Chapati_Roti,0.138280587,128.90491720254073
Chapati_Roti,0.12857859600000002,119.86073845202101
Chapati_Roti,0.44985884224600003,419.35761245033956
Chapati_Roti,0.55399234725,516.4306805632988
Chapati_Roti,0.279966150711,260.98394763767885
Chapati_Roti,0.648980393664,604.9783684482783
Chapati_Roti,0.095507193664,89.03163602787528
Chapati_Roti,0.37737049875,351.78410759892313
Chapati_Roti,0.499032678996,465.1973755892536
Chapati_Roti,0.9160220625000001,853.91413707452
Chapati_Roti,0.20333496,189.54848798249554
Chapati_Roti,0.170914699998,159.32637928373327
Chapati_Roti,0.175146710336,163.27145179214102
Chapati_Roti,0.132014392797,123.06358211395916
Chapati_Roti,0.7215710222439999,672.647223273036
Chapati_Roti,0.54768261275,510.5487572873112
Chapati_Roti,0.45258685875000004,421.9006645822725
Chapati_Roti,0.7647738956250001,712.9208649816128
Chapati_Roti,0.950011272666,885.5988183250269
Chapati_Roti,0.499876734752,465.9842028634357
Chapati_Roti,0.47839955891400004,445.96321775479
Chapati_Roti,0.25815590883600004,240.65247896186062
Chapati_Roti,0.496270263336,462.62225662529306
Chapati_Roti,0.29843934924800003,278.20463045035797
Chapati_Roti,0.203019916918,189.25480538191155
Chapati_Roti,0.183856564125,171.39076199956213
Chapati_Roti,0.6249992819979999,582.623218815231
Chapati_Roti,0.52915573375,493.27803364252014
Chapati_Roti,0.495769330836,462.1552882399436
Chapati_Roti,0.412043911125,384.10660093147544
Chapati_Roti,0.383868961875,357.84196336339056
Chapati_Roti,0.077767953336,72.49514775192654
Chapati_Roti,0.17980671136899998,167.61549646503946
Chapati_Roti,0.09187146962899999,85.64242055034072
Chapati_Roti,0.138036572492,128.67744731228086
Chapati_Roti,0.10544645475000002,98.2969975304647
Chapati_Roti,0.0974235,90.81801338521744
Chapati_Roti,0.413917412758,385.8530758208299
Chapati_Roti,0.257934127875,240.44573514456098
Chapati_Roti,0.558347326172,520.4903841669523
Chapati_Roti,0.9303026065,867.2264347864702
Chapati_Roti,0.320235197373,298.52268129803247
Chapati_Roti,0.412133826496,384.1904198803637
Chapati_Roti,0.564044060086,525.8008693871884
Chapati_Roti,0.46447416275400005,432.9819882274856
Chapati_Roti,0.374302157625,348.9238054607258
Chapati_Roti,0.49547895650000007,461.8846018004956
Chapati_Roti,0.39643690575400004,369.5577782892317
Chapati_Roti,0.320247362754,298.53402184455865
Chapati_Roti,0.25294337775,235.79336675649728
Chapati_Roti,0.113446239004,105.75438218056064
Chapati_Roti,0.153429783,143.02697076357356
Chapati_Roti,0.15184362299999998,141.54835523332574
Chapati_Roti,0.27030313812699996,251.9761044972123
Chapati_Roti,0.164376891,153.2318453664509
Chapati_Roti,0.870387665594,811.3738334615782
Chapati_Roti,0.09390303249599999,87.53623984084165
Chapati_Roti,0.120631053627,112.45205359045579
Chapati_Roti,0.11825160521099999,110.23393601005965
Chapati_Roti,0.097889259832,91.25219387202887
Chapati_Roti,0.120948405039,112.74788801215932
Chapati_Roti,0.6412419765840001,597.7646298128174
Chapati_Roti,0.28388973025,264.64150150395204
Chapati_Roti,0.148705812328,138.62329370700024
Chapati_Roti,0.133788411498,124.71731919108166
Chapati_Roti,0.225984591957,210.66243459949322
Chapati_Roti,0.173500032996,161.73642210520458
Chapati_Roti,0.147824544084,137.80177701770495
Chapati_Roti,0.173501330496,161.73763163239633
Chapati_Roti,0.112085948414,104.48632171249693
Chapati_Roti,0.07943090137499999,74.04534495552548
Chapati_Roti,0.699582954207,652.1499853653512
Chapati_Roti,0.6480596801249999,604.1200809251565
Chapati_Roti,0.27133550125600003,252.93847156950937
Chapati_Roti,0.4359323957030001,406.37540375787125
Chapati_Roti,0.173410351832,161.65282148366506
Chapati_Roti,0.187972082004,175.2272404449282
Chapati_Roti,0.185202354164,172.64530507977986
Chapati_Roti,0.215189223584,200.59901140696303
Chapati_Roti,0.27609519050000003,257.37544541535834
Chapati_Roti,0.398018043125,371.0317117336608
Chapati_Roti,0.16530225912899998,154.0944718900902
Chapati_Roti,0.19766333649999998,184.2614106455192
Chapati_Roti,0.157013791248,146.36797687646822
Chapati_Roti,0.265774915756,247.75490365859827
Chapati_Roti,0.241194190254,224.84079507433478
Chapati_Roti,0.950890794373,886.4187068956378
Chapati_Roti,0.735265215918,685.4129262541966
Chapati_Roti,0.36768292633599997,342.7533698286221
Chapati_Roti,0.12744070662399998,118.8
Chapati_Roti,0.38232211987199993,356.4
Chicken_Curry,0.671981262453,411.6273170908295
Chicken_Curry,0.634043531582,388.3882667668096
Chicken_Curry,0.62728296175,384.2470274533905
Chicken_Curry,0.47761823324999997,292.56874102216534
Chicken_Curry,0.085050828789,52.09854266318353
Chicken_Curry,0.126749349504,77.64129387906632
Chicken_Curry,0.303736668998,186.05624464193554
Chicken_Curry,0.7802707609980001,477.96088656042065
Chicken_Curry,0.9116645184939999,558.447148458749
Chicken_Curry,0.38674637679699997,236.90448286373555
Chicken_Curry,0.8629593273360001,528.6124070976896
Chicken_Curry,0.518004361875,317.30757631782456
Chicken_Curry,0.504735706344,309.17975879849314
Chicken_Curry,0.8218850680020001,503.4520520166133
Chicken_Curry,0.741197177336,454.02606082852293
Chicken_Curry,0.539327422629,330.36918202137304
Chicken_Curry,0.26942587890600006,165.03890493028788
Chicken_Curry,0.500731587039,306.72700456422757
Chicken_Curry,0.822447395707,503.7965101994055
Chicken_Curry,0.40511371199999996,248.15553603167658
Chicken_Curry,0.630266572332,386.07466118030317
Chicken_Curry,0.364041759633,222.9965941010703
Chicken_Curry,0.273741932256,167.68273677523555
Chicken_Curry,0.736383559336,451.0774419107764
Chicken_Curry,0.554536988594,339.6859192313288
Chicken_Curry,0.502921842127,308.0686622502274
Chicken_Curry,0.595988954164,365.07764118713845
Chicken_Curry,0.51281325175,314.1277216806929
Chicken_Curry,0.456629135711,279.7117070676798
Chicken_Curry,0.629914357332,385.8589091592425
Chicken_Curry,0.935859806258,573.2681590211268
Chicken_Curry,0.7800657799999999,477.8353238654827
Chicken_Curry,0.562096099994,344.31631135538055
Chicken_Curry,0.793012274875,485.76579938450686
Chicken_Curry,0.59113795,362.10612108561867
Chicken_Curry,0.871368628504,533.7635895365521
Chicken_Curry,0.863704655625,529.0689637029035
Chicken_Curry,0.475152808791,291.05852621075275
Chicken_Curry,0.3142033895,192.46771519879377
Chicken_Curry,0.845402918664,517.8580932452091
Chicken_Curry,0.529441042254,324.31320329564875
Chicken_Curry,0.80384576075,492.4019349058891
Chicken_Curry,0.33228423750200003,203.54327841706268
Chicken_Curry,0.358886669332,219.8388036855823
Chicken_Curry,0.49057255675,300.5040120259527
Chicken_Curry,0.678728747008,415.760540916666
Chicken_Curry,0.445237473,272.73365601039967
Chicken_Curry,0.397558581127,243.5275822102103
Chicken_Curry,0.328789347496,201.40245652651484
Chicken_Curry,0.44594056658399994,273.16434142056903
Chicken_Curry,0.309509379504,189.59236308853139
Chicken_Curry,0.586050862617,358.9899863832506
Chicken_Curry,0.814702482,499.05230343584947
Chicken_Curry,0.737811564252,451.9521773613154
Chicken_Curry,0.528418434,323.6867967043513
Chicken_Curry,0.436660042584,267.4794847009455
Chicken_Curry,0.0673250955,41.240507707589806
Chicken_Curry,0.20684463349399998,126.70427926660564
Chicken_Curry,0.293849854515,180.0
Chicken_Curry,0.822779592642,504.0
Chocolate_Cake,0.44847257574399996,456.64327221576406
Chocolate_Cake,0.236094307041,240.3956958569009
Chocolate_Cake,0.416251328084,423.83498746852496
Chocolate_Cake,0.239123275164,243.47984857867957
Chocolate_Cake,0.293317544291,298.66148002724674
Chocolate_Cake,0.11176712241600001,113.80340129273768
Chocolate_Cake,0.400949726,408.2546063623012
Chocolate_Cake,0.7959626771249999,810.4642760842049
Chocolate_Cake,0.505580138244,514.7912741643876
Chocolate_Cake,0.651926408004,663.8038183292387
Chocolate_Cake,0.45137297366400003,459.5965123212921
Chocolate_Cake,0.586014845086,596.6914163773487
Chocolate_Cake,0.49510673374399994,504.12705530064727
Chocolate_Cake,0.40581470124999997,413.20821632099984
Chocolate_Cake,0.34393276363299996,350.1988551853725
Chocolate_Cake,0.569133859242,579.5028768078022
Chocolate_Cake,0.24655463999999996,251.04660502997544
Chocolate_Cake,0.143936869,146.55924666878838
Chocolate_Cake,0.642781977004,654.4927854584686
Chocolate_Cake,0.546372361656,556.3266887856937
Chocolate_Cake,0.46088720470700006,469.2840826011131
Chocolate_Cake,0.16842747425,171.49604486955147
Chocolate_Cake,0.063522199629,64.67950698837717
Chocolate_Cake,0.305607536754,311.17538316725717
Chocolate_Cake,0.29576647436700004,301.15502702168016
Chocolate_Cake,0.241295583156,245.69173372702267
Chocolate_Cake,0.343821618,350.0856845963763
Chocolate_Cake,0.32704164674999997,333.0
Chocolate_Cake,0.140342423504,142.89931417375976
Chocolate_Cake,0.46294423500000004,471.37858981258336
Chocolate_Cake,0.287262892752,292.4965191345803
Chocolate_Cake,0.372994491,379.79005651823763
Chocolate_Cake,0.274606363496,279.6094012884859
Chocolate_Cake,0.23279478299999998,237.03605797416688
Chocolate_Cake,0.20677128462899996,210.53843895940142
Chocolate_Cake,0.5367028375,546.4809961164374
Chocolate_Cake,0.3836253517439999,390.6146003123744
Chocolate_Cake,0.660511906793,672.5457358346946
Chocolate_Cake,0.371401413086,378.1679544078984
Chocolate_Cake,0.47383182337100005,482.4645385398245
Chocolate_Cake,0.294806448082,300.1775100721359
Chocolate_Cake,0.419516317127,427.1594611620852
Chocolate_Cake,0.820300179627,835.2451821666685
Chocolate_Cake,0.39759172125000003,404.8354223138403
Chocolate_Cake,0.130770755334,133.1532603231732
Chocolate_Cake,0.325231983078,331.1573661679956
Chocolate_Cake,0.238974627756,243.32849297196736
Chocolate_Cake,0.377560174494,384.43892194137504
Chocolate_Cake,0.50587345625,515.0899361145356
Chocolate_Cake,0.779543667,793.7461289431329
Chocolate_Cake,0.45672683249999996,465.0479128083708
Chocolate_Cake,0.458501589414,466.8550039181272
Chocolate_Cake,0.34860931575399995,354.9606091447495
Chocolate_Cake,0.139184145334,141.71993339934468
Chocolate_Cake,0.309906725836,315.55289893178724
Chocolate_Cake,0.17554232266400002,178.74051830407137
Chocolate_Cake,0.308973976377,314.60315576319186
Chocolate_Cake,0.292428486586,297.75622463024433
Chocolate_Cake,0.082813799744,84.32257967387453
Chocolate_Cake,0.437730978828,445.70597475357783
Chocolate_Cake,0.7143953978709999,727.4109271865786
Chocolate_Cake,0.7390217980079999,752.4859943137013
Chocolate_Cake,0.08469237,86.23537549503244
Chocolate_Cake,0.6378050640039999,649.4251983622389
Chocolate_Cake,0.276665056668,281.7056016748546
Chocolate_Cake,0.087484527621,89.07840327767981
Chocolate_Cake,0.142218103752,144.8091673340255
Chocolate_Cake,0.6734188173360001,685.6877966502841
Chocolate_Cake,0.798254386918,812.7977384082018
Chocolate_Cake,0.44273921396099997,450.8054546389756
Chocolate_Cake,0.21947252124599997,223.47107868737515
Chocolate_Cake,0.227499303828,231.64410076688193
Chocolate_Cake,0.18580181220300002,189.1869249022457
Chocolate_Cake,0.279836,284.9343162439296
Chocolate_Cake,0.312068002752,317.7535520295811
Chocolate_Cake,0.20378508425599998,207.49783317083913
Chocolate_Cake,0.9733537669979999,991.0872441824079
Chocolate_Cake,0.32031470153900005,326.1504969549785
Chocolate_Cake,0.7988968919939999,813.4519492478124
Chocolate_Cake,0.550797999492,560.8329570669154
Chocolate_Cake,0.081159830332,82.63847668677997
Chocolate_Cake,0.262382093586,267.16241809694844
Chocolate_Cake,0.21851851833599997,222.49969485235906
Chocolate_Cake,0.284636112416,289.82188163632713
Chocolate_Cake,0.179310871004,182.57772561295974
Chocolate_Cake,0.522097012875,531.6090687993548
Chocolate_Cake,0.288150788504,293.40059140902673
Chocolate_Cake,0.301061700492,306.5467265717161
Chocolate_Cake,0.42843654899999994,436.2422102346511
Chocolate_Cake,0.448016537127,456.178925057015
Chocolate_Cake,0.248113707371,252.63407696115698
Chocolate_Cake,0.27838383375000003,283.4556930592205
Chocolate_Cake,0.260357700719,265.101142930895
Chocolate_Cake,0.37444653274600004,381.2685529306155
Chocolate_Cake,0.24600843758399998,250.49045138307605
Chocolate_Cake,0.127099162254,129.41477469667862
Chocolate_Cake,0.517161091742,526.5832203986296
Chocolate_Cake,0.467957943832,476.4836431219934
Chocolate_Cake,0.31806801100800003,323.86287409636776
Chocolate_Cake,0.231801679914,236.0248615992575
Chocolate_Cake,0.364504948707,371.14584373475066
Chocolate_Cake,0.820473839328,835.4220057639311
Chocolate_Cake,0.132175314291,134.58340886030595
Chocolate_Cake,0.24081206249999998,245.1994038355606
Chocolate_Cake,0.6591628047420001,671.1720545697932
Chocolate_Cake,0.5341945124220001,543.9269720058247
Chocolate_Cake,0.36833278316400003,375.0434172910488
Chocolate_Cake,0.416496875125,424.0850081171658
Chocolate_Cake,0.274705082379,279.70991872522734
Chocolate_Cake,0.236169225627,240.47197938037843
Chocolate_Cake,0.099920862461,101.74131499817311
Chocolate_Cake,0.343217508252,349.470568607073
Chocolate_Cake,0.984361818252,1002.2958504990956
Chocolate_Cake,0.18168980375,185.0
Chocolate_Cake,0.47239348974999995,481.0
Fruit_Salad,0.31557209475,63.91179896549666
Fruit_Salad,0.6760545447499999,136.91914739166702
Fruit_Salad,0.153905344416,31.169953223599844
Fruit_Salad,0.105323542121,21.330837429412387
Fruit_Salad,0.16392247713299998,33.19869081817957
Fruit_Salad,0.143088785711,28.979310460968648
Fruit_Salad,0.268708671453,54.420700929830325
Fruit_Salad,0.058686328742,11.885552959152301
Fruit_Salad,0.6944355555839999,140.64179425667544
Fruit_Salad,0.675812614172,136.87014997167338
Fruit_Salad,0.8806744725310001,178.3601616836119
Fruit_Salad,0.18273070411699996,37.007860392729974
Fruit_Salad,0.2672298675,54.12120353279846
Fruit_Salad,0.76123389375,154.17024633187165
Fruit_Salad,0.861567319332,174.4904515464565
Fruit_Salad,0.412337028207,83.50928897459528
Fruit_Salad,0.10001060362499999,20.254825124390916
Fruit_Salad,0.90291323525,182.86410660074435
Fruit_Salad,0.356521096664,72.20506830617973
Fruit_Salad,0.741195694164,150.1119743715911
Fruit_Salad,0.0731013025,14.804971121407936
Fruit_Salad,0.108134515332,21.90013477143863
Fruit_Salad,0.42120506249999995,85.305303369982
Fruit_Salad,0.19684573525199997,39.866532142545225
Fruit_Salad,0.127256337414,25.772815750176463
Fruit_Salad,0.10245148874799999,20.749169719094812
Fruit_Salad,0.252557702502,51.14969725787371
Fruit_Salad,0.8558171076169999,173.3258797061318
Fruit_Salad,0.507360459504,102.75407816572051
Fruit_Salad,0.6418884543750001,129.9995992573053
Fruit_Salad,0.24812802,50.25256794175631
Fruit_Salad,0.764719308375,154.87613611911942
Fruit_Salad,0.745130533875,150.90888477258872
Fruit_Salad,0.7713560175,156.22024742188054
Fruit_Salad,0.595792183914,120.66387021226244
Fruit_Salad,0.710265355121,143.84775252264427
Fruit_Salad,0.8214020002890001,166.3558989710937
Fruit_Salad,0.499644998125,101.19149064678496
Fruit_Salad,0.402553992422,81.52796227693999
Fruit_Salad,0.9057015063749999,183.42880616248306
Fruit_Salad,0.712349974594,144.26994378383128
Fruit_Salad,0.607949590244,123.12607052157801
Fruit_Salad,0.52341700125,106.00595780027574
Fruit_Salad,0.591521865371,119.79901636498212
Fruit_Salad,0.540344536375,109.43423691585296
Fruit_Salad,0.774512723094,156.8595648288167
Fruit_Salad,0.960322448496,194.49100947583034
Fruit_Salad,0.161618706756,32.732115630933905
Fruit_Salad,0.08497818958199999,17.210358771802163
Fruit_Salad,0.49318327449599997,99.88281859238667
Fruit_Salad,0.715254210664,144.85812935201733
Fruit_Salad,0.905153361998,183.31779224899165
Fruit_Salad,0.3732323275,75.58954001145696
Fruit_Salad,0.536371699668,108.62963110575534
Fruit_Salad,0.287368530504,58.19982202523896
Fruit_Salad,0.701859022578,142.14524509418817
Fruit_Salad,0.830261922922,168.15027053813208
Fruit_Salad,0.688912617,139.52325131085817
Fruit_Salad,0.841535574957,170.43348693924855
Fruit_Salad,0.927543994746,187.85249491347824
Fruit_Salad,0.612282885492,124.00367883788914
Fruit_Salad,0.699810078828,141.73027912216406
Fruit_Salad,0.493209703168,99.8881711061225
Fruit_Salad,0.210957452164,42.724532673461134
Fruit_Salad,0.13452779054699998,27.245479710503794
Fruit_Salad,0.922117509875,186.75348642719425
Fruit_Salad,0.48499015699199993,98.2234929183876
Fruit_Salad,0.624381576,126.45398762107111
Fruit_Salad,0.176577355086,35.761642451484704
Fruit_Salad,0.193033172994,39.09438619988901
Fruit_Salad,0.230445625504,46.671409591388716
Fruit_Salad,0.19590769024200003,39.67655291086697
Fruit_Salad,0.6455654662070001,130.74429260918964
Fruit_Salad,0.541326906623,109.63319319508165
Fruit_Salad,0.827516,167.59414762141904
Fruit_Salad,0.630460128506,127.68505726324733
Fruit_Salad,0.604068907328,122.3401283216737
Fruit_Salad,0.21192965358599997,42.92142949314367
Fruit_Salad,0.185689328086,37.60706096675737
Fruit_Salad,0.12277188437500001,24.86459393377716
Fruit_Salad,0.08723547475,17.667519459534407
Fruit_Salad,0.08574769649200001,17.36620452544348
Fruit_Salad,0.050242624497999995,10.175476760576636
Fruit_Salad,0.427811674758,86.6433192513
Fruit_Salad,0.083989059867,17.010033519514064
Fruit_Salad,0.553035031871,112.00440205531321
Fruit_Salad,0.324421891746,65.70411981991786
Fruit_Salad,0.6409208051309999,129.80362437555715
Fruit_Salad,0.120256514752,24.355164233421522
Fruit_Salad,0.28864501708400003,58.458344736975384
Fruit_Salad,0.869816526922,176.16113696474227
Fruit_Salad,0.644675914754,130.56413462127045
Fruit_Salad,0.675797,136.86698768375732
Fruit_Salad,0.777842104666,157.53385374488093
Fruit_Salad,0.533262821336,107.99999999999999
Fruit_Salad,0.736664705172,149.19432777865964
Fruit_Salad,0.7316570776679999,148.18014912454484
Fruit_Salad,0.29625712296444445,60.0
Fruit_Salad,0.7702685197075555,156.0
Idli,0.045340054373,62.986404604400576
Idli,0.058191976004,80.8402944373221
Idli,0.04615998086700001,64.12544650920488
Idli,0.05759032271100001,80.00447766849541
Idli,0.0542684765,75.38976883382232
Idli,0.05979954062100001,83.07352324117589
Idli,0.010777738504,14.972434583969681
Idli,0.014285034127,19.84476974616733
Idli,0.015388614250000002,21.37786327906891
Idli,0.011541404422,16.033319295267756
Idli,0.010960537503999999,15.226378959081332
Idli,0.017045356168,23.679409190631826
Idli,0.015593871875,21.66300717656029
Idli,0.013750252633,19.10185128208872
Idli,0.012498668377,17.363150404132593
Idli,0.016194972416,22.498056062295557
Idli,0.068937627,95.76815305442135
Idli,0.043181301491999995,59.98746505119719
Idli,0.038310042133,53.22031143477675
Idli,0.051251484374999996,71.19856330261098
Idli,0.078183135504,108.61201368625053
Idli,0.037193697828,51.6694858999397
Idli,0.180902229334,251.3093812577062
Idli,0.081899356877,113.7745885052761
Idli,0.21693078308400002,301.3602489770063
Idli,0.054150125663999994,75.22535584965958
Idli,0.042344920120999996,58.82556403087639
Idli,0.04908969791800001,68.19540950555687
Idli,0.0540156,75.03847279405775
Idli,0.346577477379,481.4654397495772
Idli,0.13333496949200002,185.2289427632381
Idli,0.191966991006,266.68054843343145
Idli,0.052161623000000004,72.46292790192828
Idli,0.03194986275,44.38475008589656
Idli,0.044229922914,61.444209955373275
Idli,0.05690370275400001,79.05062520803581
Idli,0.04059428624999999,56.39358341599126
Idli,0.035757002918,49.673629297080595
Idli,0.048723626502,67.68686308581519
Idli,0.12939005262300002,179.74866415577515
Idli,0.040471603752,56.22315288687597
Idli,0.050058634164,69.5414557613542
Idli,0.042821208336,59.487223630388534
Idli,0.043562215373,60.51663062366696
Idli,0.045138222,62.70601906706839
Idli,0.04616613817199999,64.13400023745608
Idli,0.056403549254,78.35581195403876
Idli,0.031697235746,44.03380064598109
Idli,0.048069038752000005,66.77750976807552
Idli,0.0487643905,67.74349243279828
Idli,0.12643145125,175.63857505861944
Idli,0.048231626624999996,67.00337684508204
Idli,0.053180077007999996,73.877764233864
Idli,0.065957038332,91.62751920653305
Idli,0.070216082496,97.54418345961928
Idli,0.023769050422,33.019965406879386
Idli,0.015488658499999999,21.516844753528634
Idli,0.022927163289,31.85041578185832
Idli,0.019802678133,27.509880929446364
Idli,0.011378366128999999,15.806826494786593
Idli,0.012703966914000001,17.64835113657534
Idli,0.011529300332,16.016504293154256
Idli,0.019856982002,27.58531986554202
Idli,0.024503860992,34.04076426805525
Idli,0.025405675258,35.293564667653406
Idli,0.017286922332,24.014992911358412
Idli,0.10241116883599999,142.26959816252787
Idli,0.09841500000000002,136.7181203212997
Idli,0.126125129881,175.2130334055795
Idli,0.180409888867,250.62542186933703
Idli,0.071826907752,99.78194194324877
Idli,0.050095470749999996,69.59262914749425
Idli,0.07329927141600001,101.827349580006
Idli,0.054699345125,75.98833153783515
Idli,0.066444153328,92.30421937046574
Idli,0.058087038002,80.69451456246854
Idli,0.067643188041,93.9699184220468
Idli,0.053677085961,74.56820908309447
Idli,0.10982512949199999,152.56907248071505
Idli,0.20967895325799998,291.2860068116792
Idli,0.372785368672,517.8734429519743
Idli,0.043066100999999996,59.82742852499358
Idli,0.043068868999999996,59.831273830658866
Idli,0.043064885752,59.82574030244332
Idli,0.043068868999999996,59.831273830658866
Idli,0.0896719915,124.57233270687965
Idli,0.152005303668,211.1657714409116
Idli,0.126140837043,175.23485379540037
Idli,0.112681052752,156.53652114086927
Idli,0.127106458752,176.57629549631915
Idli,0.121013202297,168.1115434853124
Idli,0.13242220871100002,183.96093546474376
Idli,0.120052998828,166.77762880352944
Idli,0.20908694853900003,290.46359384208097
Idli,0.088961133117,123.58480822444915
Idli,0.063092972131,87.64875837254955
Idli,0.092760391746,128.86273840146848
Idli,0.12400430700000001,172.26678620927078
Idli,0.12483732799999998,173.42401900211908
Idli,0.17560831683599998,243.95507789061787
Idli,0.131586017914,182.7992991898282
Idli,0.180985456961,251.42500107909768
Idli,0.080782013832,112.22237552080749
Idli,0.07519053108599999,104.45468755817882
Idli,0.053114745250000005,73.78700535410944
Idli,0.100288089,139.32021560427992
Idli,0.09261185567200002,128.6563920839642
Idli,0.078389366625,108.89850996440808
Idli,0.110368562832,153.32401008946093
Idli,0.33414142124999996,464.1892702818429
Idli,0.065830287121,91.45143642122218
Idli,0.074883626086,104.02833512493991
Idli,0.09331655099399999,129.6353548419081
Idli,0.112216069828,155.890566851881
Idli,0.15818998633200002,219.75753274361762
Idli,0.215262228375,299.0422927359075
Idli,0.167207106,232.2841155990886
Idli,0.038599582668,53.6225411528281
Idli,0.038140127502,52.984266025383796
Idli,0.047970894672,66.64116800982461
Idli,0.047250746998,65.64073884411779
Idli,0.055872028835999996,77.61742377681625
Idli,0.053522796957,74.35387079509849
Idli,0.05202472712500001,72.27275214914935
Idli,0.060216445094,83.65268694490095
Idli,0.035845394871,49.796423400273085
Idli,0.042675979957,59.28547236285626
Idli,0.049788679291,69.16643444541522
Idli,0.04616731691400001,64.1356377458703
Idli,0.053851888875000004,74.81104529534633
Idli,0.07864848308599999,109.25847455814102
Idli,0.040411054125,56.13903734361939
Idli,0.132354568125,183.8669691610771
Idli,0.057240146006,79.51801218164982
Idli,0.155992169586,216.70432566823484
Idli,0.16602615224999998,230.6435346217336
Idli,0.042150412124999995,58.55535351824536
Idli,0.06562128775,91.16109449009936
Idli,0.15668570546099997,217.6677857221431
Idli,0.024994201379,34.72194514524123
Idli,0.028791190252,39.99672217717183
Idli,0.027433077504,38.11003191561664
Idli,0.034367109008,47.74278864452538
Idli,0.034980286,48.59461413627469
Idli,0.022546394831999998,31.32145223241279
Idli,0.039417589244,54.75891590750149
Idli,0.024961026258,34.67585826636554
Idli,0.030661478250000002,42.59492630810764
Idli,0.026153163504,36.331975356627495
Idli,0.021785336703,30.26419026165503
Idli,0.023032420498,31.996639099083804
Idli,0.021237757874999996,29.503493740881765
Idli,0.029262439871000002,40.651382159001926
Idli,0.034546394121,47.99185152773376
Idli,0.037151996752,51.6115547641769
Idli,0.027225694871,37.82193595696153
Idli,0.022202817953,30.844155224002098
Idli,0.024233872881,33.66569677788588
Idli,0.021602784,30.010588042341585
Idli,0.028461678336,39.53896421569248
Idli,0.031739847875,44.09299741659297
Idli,0.027054709577999998,37.584403183892924
Idli,0.015749886834,21.87974316128299
Idli,0.013547403,18.820052567140536
Idli,0.010788596,14.987517817668975
Idli,0.018579890582000002,25.81118443475546
Idli,0.020864383344,28.98480183360984
Idli,0.023369282540999996,32.464607857164914
Idli,0.12510072775199998,173.78993394381024
Idli,0.044694328000000005,62.08936151179834
Idli,0.074684855336,103.75220279435155
Idli,0.045300962,62.93209747890691
Idli,0.127223246707,176.7385373261598
Idli,0.116169931422,161.38327147152492
Idli,0.123999225,172.2597262947509
Idli,0.16431000034399998,228.2594563534398
Idli,0.140687221836,195.44269189293934
Idli,0.18819412675000002,261.4392853200063
Idli,0.143762608293,199.7150188315424
Idli,0.038993630748,54.16995275485844
Idli,0.18153238775000002,252.18479734407688
Idli,0.246914530791,343.01367199879274
Idli,0.25098292874399997,348.665490531061
Idli,0.158888362496,220.72771692711888
Idli,0.16318399386899998,226.69520813181086
Idli,0.18602209725,258.42190188737493
Idli,0.047560367629000004,66.07086383200597
Idli,0.045966534625,63.856710985255674
Idli,0.05891687886699999,81.84732951169987
Idli,0.081333399252,112.98836015927695
Idli,0.059207328,82.25082145411425
Idli,0.080016173082,111.15846953284372
Idli,0.070533416877,97.98502438918939
Idli,0.029867252168,41.49158741625994
Idli,0.0514594,71.48739969376506
Idli,0.042326502422,58.79997816299118
Idli,0.023435687002,32.55685693595239
Idli,0.040981747254,56.93184425188705
Idli,0.19258945379099998,267.5452737490354
Idli,0.125746547121,174.68710622645793
Idli,0.120029840832,166.74545771494002
Idli,0.029529181367,41.02193945153672
Idli,0.048618202416,67.54040794305736
Idli,0.041788242834,58.052227930645735
Idli,0.082451365297,114.54143861536024
Idli,0.055744866336,77.4407696288169
Idli,0.062379173999999996,86.6571499921281
Idli,0.052965009344,73.57899222996244
Idli,0.048201222375,66.96113926026491
Idli,0.051215751328000006,71.14892295287575
Idli,0.077933952248,108.2658483011379
Idli,0.08357398775,116.10098575354695
Idli,0.077983773756,108.33506034122664
Idli,0.132791901156,184.4745122180576
Idli,0.055788667376999994,77.50161803600722
Idli,0.047203382418,65.5749399684646
Idli,0.040502672495999995,56.26631358677358
Idli,0.050614172742,70.31320996701521
Idli,0.057483402,79.85594341425228
Idli,0.059321123499999996,82.40890616539832
Idli,0.04298156808399999,59.70999539609251
Idli,0.05696103312700001,79.13026856355965
Idli,0.053122130999999996,73.79726563818363
Idli,0.06699313025,93.0668581234568
Idli,0.11106955411700001,154.2978271991171
Idli,0.053731916671999995,74.64437990810895
Idli,0.032879516494,45.67622508898896
Idli,0.037132263,51.584140635433045
Idli,0.036942570620999995,51.320619978051994
Idli,0.030120493002000003,41.8433895888259
Idli,0.031643807999999995,43.959578819977686
Idli,0.034465365495999996,47.879286559972535
Idli,0.031474448918,43.72430517926865
Idli,0.035302986336,49.042909450657376
Idli,0.035963517917999996,49.96051993995163
Idli,0.031343931168,43.54298991789015
Idli,0.032866360582,45.65794889572826
Idli,0.041722212413999996,57.960498469624284
Idli,0.031610313504,43.913048265344464
Idli,0.033005458626999995,45.851183903123136
Idli,0.027779555583999995,38.591359272524954
Idli,0.029427723415999998,40.88099406361444
Idli,0.027505924375,38.21123079052806
Idli,0.019152144,26.606158896538712
Idli,0.027384279832,38.042242188523254
Idli,0.025247635119000002,35.074015302826936
Idli,0.040271031953000004,55.94451853897432
Idli,0.033969192504000004,47.19000302778299
Idli,0.037644779249999996,52.296128222021686
Idli,0.125032456584,173.69509163561438
Idli,0.11076404787500001,153.8734179205248
Idli,0.11567785966800001,160.69968537926172
Idli,0.096783802375,134.45206054217485
Idli,0.141297440211,196.29040727388247
Idli,0.213227562711,296.21573514748735
Idli,0.219869619252,305.4428802509097
Idli,0.052901052372999996,73.49014320434068
Idli,0.06460683342199999,89.75181451371395
Idli,0.098169826041,136.37752465167398
Idli,0.101622273883,141.17366527521276
Idli,0.078701940752,109.33273794900913
Idli,0.025299668121,35.14629955043263
Idli,0.027993627,38.88874728868143
Idli,0.031244734172,43.4051854487072
Idli,0.031626421046999996,43.93542486445998
Idli,0.083108081252,115.4537484355361
Idli,0.102084288631,141.8154961740318
Idli,0.495079494832,687.7644458979793
Idli,0.168138792668,233.57841474024977
Idli,0.09173016479099999,127.43154709128265
Idli,0.098449041877,136.765411297631
Idli,0.122569057125,170.27293704906774
Idli,0.130732936125,181.61419794842791
Idli,0.08728405525,121.25501161205577
Idli,0.023550801878999997,32.716774525795984
Idli,0.08896912516800001,123.59591078188686
Idli,0.10868297729100002,150.9823946161461
Idli,0.10340673242199999,143.6526351196813
Idli,0.095429467422,132.57061839352275
Idli,0.106607594252,148.09927244941554
Idli,0.0915112065,127.12737022826093
Idli,0.123727404,171.88211255513949
Idli,0.128283853881,178.21193283729698
Idli,0.11075944300799999,153.86702083917976
Idli,0.092702148246,128.7818265298947
Idli,0.11129895558600002,154.6165117252628
Idli,0.108593484004,150.85807053973483
Idli,0.08640990374799999,120.04064032485887
Idli,0.099849154379,138.71044761843362
Idli,0.059693352543,82.92600676071363
Idli,0.088402769623,122.80912964541432
Idli,0.056467165789,78.44418804596125
Idli,0.069672340914,96.78881764107973
Idli,0.21450948187500002,297.9965772803526
Idli,0.214038194994,297.3418655341512
Idli,0.26003562999999996,361.2415033294209
Idli,0.25117987021099997,348.93908162166264
Idli,0.218456972244,303.4804309940762
Idli,0.317093963127,440.50694105527555
Idli,0.147838116006,205.3767142425704
Idli,0.053162660258000004,73.8535688843532
Idli,0.033656836008,46.75607737617228
Idli,0.05889173,81.8123927050703
Idli,0.034912485168,48.50042521886109
Idli,0.023653609504000004,32.8595948808709
Idli,0.021181792744,29.425746979576527
Idli,0.030163407797,41.90300682305212
Idli,0.05449127475,75.69928016797742
Idli,0.016022505751999996,22.258465368598806
Idli,0.021948702336,30.491137802871908
Idli,0.02239479275,31.110846616522576
Idli,0.031102002081999997,43.2069020259126
Idli,0.021608663328000002,30.018755604937862
Idli,0.021958990754,30.505430473400178
Idli,0.011174945,15.52423385758173
Idli,0.019910326246,27.659425690565044
Idli,0.021379954086,29.701032720556928
Idli,0.008449220832,11.73765777910489
Idli,0.009210015168000001,12.79455328862083
Idli,0.02927871675,40.67399399969265
Idli,0.06327916783200001,87.90742144477053
Idli,0.040327758336,56.02332283157591
Idli,0.021478959621,29.83857121211416
Idli,0.028626771129,39.768311127622106
Idli,0.043895141289,60.97913131402684
Idli,0.10148485462500001,140.98276243875787
Idli,0.062431597086000004,86.72997614443581
Idli,0.07727176225599999,107.3459339486325
Idli,0.08356548199999998,116.08916956544631
Idli,0.024684575166,34.291812402838524
Idli,0.06632173038299999,92.13414941238416
Idli,0.037950783039,52.72122869291815
Idli,0.037784675877,52.490472619549806
Idli,0.03916327199800001,54.40561838335976
Idli,0.035247126248,48.965308615090215
Idli,0.058565808000000004,81.35962185498282
Idli,0.045132332500000004,62.69783737352948
Idli,0.0603762885,83.87474140828635
Idli,0.041737120131,57.98120827043231
Idli,0.046164415584,64.13160721816587
Idli,0.620124380172,861.476803561722
Idli,0.192462484248,267.368887656905
Idli,0.11888751525,165.15853898948177
Idli,0.107905152256,149.90184005917766
Idli,0.109559568748,152.2001554888865
Idli,0.042555011834,59.1174234435314
Idli,0.041554433836,57.72742046510932
Idli,0.051120776252,71.01698357505639
Idli,0.082429548334,114.51113048984604
Idli,0.07303491975,101.46011223936355
Idli,0.06621751700199999,91.9893761810409
Idli,0.131000593789,181.98602798156992
Idli,0.133995687297,186.14681195352836
Idli,0.063103801156,87.66380205433498
Idli,0.12318162249999999,171.12391288246621
Idli,0.134600461248,186.98696394052223
Idli,0.133995687297,186.14681195352836
Idli,0.11572297324200001,160.76235715732662
Idli,0.064265985664,89.27830880026086
Idli,0.11572297324200001,160.76235715732662
Idli,0.11572297324200001,160.76235715732662
Idli,0.10975584741799999,152.4728258218801
Idli,0.072563203248,100.80480366365886
Idli,0.08315306625600001,115.51624160415396
Idli,0.053485987248,74.30273474648746
Idli,0.053485987248,74.30273474648746
Idli,0.077822741496,108.11135432183639
Idli,0.061416586752000006,85.31992376450211
Idli,0.057318604702999994,79.62700700537282
Idli,0.083608749504,116.14927678302368
Idli,0.075679601877,105.13410471257167
Idli,0.053485987248,74.30273474648746
Idli,0.045851828664,63.69736146152892
Idli,0.045779031167999994,63.59623117836865
Idli,0.115740456756,160.78664525538778
Idli,0.114036310377,158.41924506548554
Idli,0.12162976275000001,168.96806928116277
Idli,0.11803473175000001,163.97385213116732
Idli,0.11194901024999998,155.5195676798243
Idli,0.042464311578,58.99142264575687
Idli,0.033888263418,47.07757633960292
Idli,0.04107963325,57.06782747983907
Idli,0.069681063584,96.80093517444946
Idli,0.24603352500000003,341.78977873315546
Idli,0.379066559172,526.5992729427278
Idli,0.11669598925199999,162.11407102136897
Idli,0.22100750641800002,307.0236331287561
Idli,0.11117554378899998,154.44506805395943
Idli,0.17756305325000002,246.6705977630528
Idli,0.11807577600000001,164.0308708042354
Idli,0.099607668414,138.37497531015975
Idli,0.0469714635,65.25275820210878
Idli,0.074825166668,103.94712330007545
Idli,0.070627392,98.11557463227757
Idli,0.044051386378999996,61.19618699674015
Idli,0.063230039297,87.83917208278973
Idli,0.02821767876075,39.2
Idli,0.08465303628224999,117.6
Kulfi,0.08640235050200001,68.33745316262737
Kulfi,0.08069973436899999,63.82713300780344
Kulfi,0.07305629450399999,57.78177416350086
Kulfi,0.083877800748,66.34073317100278
Kulfi,0.097045706125,76.7555090621959
Kulfi,0.19163972124999998,151.57192366795266
Kulfi,0.198174372578,156.74031812095967
Kulfi,0.5554131589939999,439.2880577685302
Kulfi,0.609610656,482.15400865598247
Kulfi,0.323515787961,255.87550429711482
Kulfi,0.073732250254,58.31640191537627
Kulfi,0.116600277248,92.22163446815166
Kulfi,0.173926937242,137.56250678873926
Kulfi,0.19607301,155.07830585025818
Kulfi,0.152841317664,120.88544265860081
Kulfi,0.211365099414,167.1731439885302
Kulfi,0.21247997175000002,168.0549201856019
Kulfi,0.083165163328,65.77709310764527
Kulfi,0.30535612895700004,241.51264449729484
Kulfi,0.268504980832,212.3662891684205
Kulfi,0.340145888211,269.02860360889645
Kulfi,0.348224390748,275.41806275600175
Kulfi,0.19698595041800002,155.80036980676945
Kulfi,0.179178910164,141.71640366172136
Kulfi,0.417985696793,330.5937606012074
Kulfi,0.306766025719,242.62776177567355
Kulfi,0.127944664254,101.19415097004125
Kulfi,0.2525653805,199.75932089972932
Kulfi,0.218347021664,172.69529450842185
Kulfi,0.14848789275,117.44222647953859
Kulfi,0.294104022344,232.61311451715872
Kulfi,0.25942074287100003,205.1813725247046
Kulfi,0.193201115004,152.806863133285
Kulfi,0.15999718816800002,126.54517254515763
Kulfi,0.246962007586,195.3274943135493
Kulfi,0.234726140748,185.64988748818155
Kulfi,0.300922273836,238.00581436014247
Kulfi,0.1283902825,101.54659990039453
Kulfi,0.248946466332,196.89704486188538
Kulfi,0.171072156248,135.30459989924418
Kulfi,0.255020412166,201.70105755982354
Kulfi,0.140390340168,111.0377002474481
Kulfi,0.28627333333599997,226.41965635072935
Kulfi,0.26851558324799996,212.37467484430317
Kulfi,0.265840620406,210.25898994840776
Kulfi,0.3337516545,263.9712684299624
Kulfi,0.12797350975,101.21696548516034
Kulfi,0.250505577836,198.13017924724505
Kulfi,0.179011062498,141.5836493796088
Kulfi,0.088819204381,70.24899420054453
Kulfi,0.096223692,76.10536064100329
Kulfi,0.270279286002,213.76962479235448
Kulfi,0.040790582538999996,32.26213763328896
Kulfi,0.039342914496,31.11714624695793
Kulfi,0.038205454248,30.21750479078885
Kulfi,0.036421830336,28.8067987759887
Kulfi,0.078580295453,62.15082377765296
Kulfi,0.093217222719,73.72748026527832
Kulfi,0.082768488004,65.463354173263
Kulfi,0.150891472543,119.34326876105585
Kulfi,0.244051990336,193.0258998966276
Kulfi,0.263700425043,208.56626400370678
Kulfi,0.138694733744,109.6966091323439
Kulfi,0.14243132875,112.65196144309293
Kulfi,0.16122353608200002,127.51511714327503
Kulfi,0.1790155,141.58715909413996
Kulfi,0.281423822992,222.58407567417004
Kulfi,0.24679538099599999,195.19570580636613
Kulfi,0.117749989617,93.13096638690789
Kulfi,0.07064542724799999,55.87496807279853
Kulfi,0.146450759832,115.83101481039948
Kulfi,0.1441483515,114.00999118505665
Kulfi,0.092333779244,73.02874606714741
Kulfi,0.16996314599999998,134.42746015201217
Kulfi,0.095988679504,75.91948426906754
Kulfi,0.08156101799599999,64.50834051174151
Kulfi,0.171859938754,135.92767380630028
Kulfi,0.10430883283600001,82.50007015970563
Kulfi,0.091424481959,72.30956354186237
Kulfi,0.12111762441400001,95.79450023606509
Kulfi,0.13407688100399998,106.0442513724198
Kulfi,0.171607718961,135.72818781789044
Kulfi,0.127757681082,101.04626201002444
Kulfi,0.104206989873,82.41952039834474
Kulfi,0.23282912716800003,184.1494991779224
Kulfi,0.331514401078,262.2017772060481
Kulfi,0.39668021499600004,313.74280277482285
Kulfi,0.34675308950399997,274.2543793693138
Kulfi,0.334742110668,264.75464123865436
Kulfi,0.325322403504,257.3043948809396
Kulfi,0.140700288,111.28284456735486
Kulfi,0.16419831528899997,129.8679331667559
Kulfi,0.11241924374800001,88.91476631795
Kulfi,0.14581652433599998,115.32938449305094
Kulfi,0.18770895175199998,148.46299462954136
Kulfi,0.108233610129,85.6042598359798
Kulfi,0.147129134256,116.36755554288511
Kulfi,0.166084399297,131.3596770465072
Kulfi,0.550453016742,435.36497596743766
Kulfi,0.1255235,99.27920076503587
Kulfi,0.11177076233399999,88.40186860164266
Kulfi,0.133711052748,105.75491003894085
Kulfi,0.114926338492,90.8976807716303
Kulfi,0.25621065258200004,202.64244397128215
Kulfi,0.188316361256,148.94340770035447
Kulfi,0.385943217,305.2506831346067
Kulfi,0.399786727746,316.19980965390437
Kulfi,0.233141000664,184.39616654636475
Kulfi,0.333244185664,263.56990055501274
Kulfi,0.115562040242,91.40047078039308
Kulfi,0.08997890112899999,71.16622297660041
Kulfi,0.090499190377,71.5777307875528
Kulfi,0.182286953496,144.17462111059794
Kulfi,0.194265166086,153.64844372173363
Kulfi,0.187070594172,147.9581040684536
Kulfi,0.169351590996,133.94376831724836
Kulfi,0.134325618625,106.24098323707526
Kulfi,0.608038323375,480.9104174053657
Kulfi,0.19169281141800001,151.6139138088229
Kulfi,0.172955428883,136.79412020440984
Kulfi,0.18395044287899998,145.4903101761941
Kulfi,0.21802925486900002,172.44396600469733
Kulfi,0.25972461100399996,205.42170828161224
Kulfi,0.149371126375,118.14079470284982
Kulfi,0.21524771086700004,170.24398380685122
Kulfi,0.16565978991799998,131.02384447504082
Kulfi,0.189703711418,150.0406923941736
Kulfi,0.225838605664,178.62054732549697
Kulfi,0.143471153,113.47438051582513
Kulfi,0.220263417,174.21101226093768
Kulfi,0.2032831885,160.78098908370248
Kulfi,0.11775788100000001,93.13720784924101
Kulfi,0.16684649037899998,131.9624310609437
Kulfi,0.122324290758,96.74887826266877
Kulfi,0.166941490836,132.03756893905634
Kulfi,0.129391862834,102.33877104811982
Kulfi,0.118546405918,93.76086894570784
Kulfi,0.19447749811900003,153.81638163402144
Kulfi,0.033900555,26.812668591069723
Kulfi,0.05276671087499999,41.734311763691466
Kulfi,0.040220874254,31.811543256905104
Kulfi,0.046010841749999996,36.39095145902196
Kulfi,0.263678341246,208.54879745986423
Kulfi,0.36223577233199994,286.4999618846387
Kulfi,0.04591598141600001,36.31592440716456
Kulfi,0.056444456367,44.64311874455938
Kulfi,0.08531600675,67.47824082824654
Kulfi,0.060303988499999996,47.69570463876416
Kulfi,0.063007693504,49.834122320724504
Kulfi,0.138815155377,109.79185315819613
Kulfi,0.35818882699800003,283.2991469113524
Kulfi,0.350444987506,277.1743798707705
Kulfi,0.145271790125,114.89854264194378
Kulfi,0.21646048208399998,171.2031903071049
Kulfi,0.184370625,145.8226411353264
Kulfi,0.522491614164,413.24970910335844
Kulfi,0.28327065467199997,224.04477405445698
Kulfi,0.263302901916,208.2518545239346
Kulfi,0.227001792828,179.5405367456619
Kulfi,0.115403963422,91.27544446779761
Kulfi,0.059424490127,47.00009070555174
Kulfi,0.064479509504,50.998212838860084
Kulfi,0.055178572375000005,43.641904223079244
Kulfi,0.038699480254,30.608240446126878
Kulfi,0.07041887125400001,55.69578012780937
Kulfi,0.16679795187500002,131.9240409277539
Kulfi,0.128375666252,101.53503959957735
Kulfi,0.240153392754,189.9424163095267
Kulfi,0.085265121916,67.43799493285181
Kulfi,0.115382799789,91.25870570119594
Kulfi,0.11126266040499999,88.0
Kulfi,0.25034098591125,198.0
Lemonade,0.078170476748,90.53526141973995
Lemonade,0.018694482754,21.651523102467365
Lemonade,0.018601181539,21.543463765461716
Lemonade,0.224038569004,259.4763554822574
Lemonade,0.279663877,323.9003171936111
Lemonade,0.48799294449799996,565.1822867032142
Lemonade,0.280651940492,325.0446697710669
Lemonade,0.146590130006,169.7773416993575
Lemonade,0.115245034004,133.47416716562253
Lemonade,0.151009309625,174.89553463755252
Lemonade,0.460347165756,533.1635769590231
Lemonade,0.605090658504,700.8021855476766
Lemonade,0.37756896475,437.29175450495654
Lemonade,0.270347924,313.11079312625805
Lemonade,0.089633607498,103.81159773383904
Lemonade,0.106335855252,123.1557597450339
Lemonade,0.08954447012500001,103.708360863571
Lemonade,0.6209979295079999,719.2256236375387
Lemonade,0.345431528793,400.0709099256558
Lemonade,0.247684906508,286.863003697868
Lemonade,0.039114275541,45.30126089372709
Lemonade,0.045338103031,52.50955579328366
Lemonade,0.040501031164,46.90736959456486
Lemonade,0.045433487367,52.62002775347072
Lemonade,0.119639466664,138.5636987409141
Lemonade,0.054207181002,62.78151940487934
Lemonade,0.091514960377,105.99053768417524
Lemonade,0.0341231025,39.52059823364354
Lemonade,0.043760605499999994,50.68253416952551
Lemonade,0.297513173623,344.5729650160274
Lemonade,0.149593862707,173.25619633391128
Lemonade,0.10088632675,116.84424025496611
Lemonade,0.081694712543,94.61695085389442
Lemonade,0.06871649675,79.58587763466765
Lemonade,0.062209662746,72.0498110520615
Lemonade,0.20841876450000002,241.38585452940185
Lemonade,0.456059940586,528.198210650941
Lemonade,0.06988274524600001,80.93660001552406
Lemonade,0.057596943500000004,66.70746493667646
Lemonade,0.059254439586,68.62713906034801
Lemonade,0.133474922,154.5876072267728
Lemonade,0.047917636789,55.49711289715599
Lemonade,0.137110550256,158.7983088659997
Lemonade,0.09088685574399999,105.26308123881002
Lemonade,0.072100683117,83.50536501885205
Lemonade,0.09306493450799999,107.78568233445408
Lemonade,0.08898325487099999,103.05837416977823
Lemonade,0.11434170291600002,132.42794972391107
Lemonade,0.16670689662899998,193.07612150601642
Lemonade,0.215840719668,249.98179355055746
Lemonade,0.197870491008,229.1690850039484
Lemonade,0.18486383138100002,214.10506878559843
Lemonade,0.031977974250000006,37.036159671004384
Lemonade,0.045074926584,52.20475084108318
Lemonade,0.06907406066733332,80.0
Lemonade,0.13814812133466664,160.0
Marble_Cake,0.021213228834,51.3613284094688
Marble_Cake,0.020570260743999997,49.80457835101614
Marble_Cake,0.026352479999999998,63.80444911406447
Marble_Cake,0.09229211175,223.45704646327127
Marble_Cake,0.03218977125,77.93765982230137
Marble_Cake,0.044926116749999995,108.7748147448701
Marble_Cake,0.024836633289,60.13429115030845
Marble_Cake,0.033043582332,80.00490152913478
Marble_Cake,0.016777458999999998,40.62147202194264
Marble_Cake,0.023079904254,55.88091050754324
Marble_Cake,0.033227971758,80.45134397965134
Marble_Cake,0.020758520508,50.260391638128546
Marble_Cake,0.020843708500000002,50.466648237154274
Marble_Cake,0.035047643004,84.85711988460349
Marble_Cake,0.023828280994,57.69287528753661
Marble_Cake,0.146629611906,355.01864004721375
Marble_Cake,0.133796465914,323.94711241793846
Marble_Cake,0.410282029172,993.3721172625875
Marble_Cake,0.42731804100000004,1034.6195956701692
Marble_Cake,0.087098842,210.88313632276513
Marble_Cake,0.07082550337499999,171.48223719620273
Marble_Cake,0.14312271000000001,346.52775250230746
Marble_Cake,0.46819654007800005,1133.5943454577255
Marble_Cake,0.16459330449600001,398.5122129390005
Marble_Cake,0.083907420008,203.15608664508505
Marble_Cake,0.184721536125,447.24655333992797
Marble_Cake,0.15715785016800002,380.50954042731183
Marble_Cake,0.168817007625,408.73861483237806
Marble_Cake,0.202711004377,490.8025340929278
Marble_Cake,0.228991961625,554.4338127960676
Marble_Cake,0.326249218498,789.9124355718681
Marble_Cake,0.128951366992,312.2161911679704
Marble_Cake,0.12874025625,311.7050512450724
Marble_Cake,0.639422999748,1548.1667095386745
Marble_Cake,0.43684637083199995,1057.6895244172115
Marble_Cake,0.136474955207,330.4322528600443
Marble_Cake,0.18437624400000002,446.41053434592635
Marble_Cake,0.18755577275399998,454.1087881949491
Marble_Cake,0.091063534332,220.48242299901023
Marble_Cake,0.180678848584,437.45842518296524
Marble_Cake,0.1387217455,335.87216655771874
Marble_Cake,0.12650056075799998,306.28231543234
Marble_Cake,0.13161128608199998,318.65636955821805
Marble_Cake,0.240358907789,581.9553871641441
Marble_Cake,0.2345625,567.9211632194673
Marble_Cake,0.12891096962899998,312.11838134165134
Marble_Cake,0.1108328125,268.3476676701737
Marble_Cake,0.050715732207,122.79259314053373
Marble_Cake,0.1021626585,247.35554853360279
Marble_Cake,0.06261639962099999,151.60640984544983
Marble_Cake,0.059365896996000006,143.73631453252503
Marble_Cake,0.127434310416,308.543103887132
Marble_Cake,0.131107583123,317.4368073076777
Marble_Cake,0.136047354418,329.3969486767991
Marble_Cake,0.204543071172,495.2383220185858
Marble_Cake,0.159944699793,387.2570421837636
Marble_Cake,0.09855456100799999,238.6196469096608
Marble_Cake,0.5829943059570001,1411.5419318494028
Marble_Cake,0.093342016666,225.99906925533975
Marble_Cake,0.096125726918,232.73896998278678
Marble_Cake,0.10881686691399999,263.4666736400611
Marble_Cake,0.08019004200200001,194.15559576826556
Marble_Cake,0.12955205975,313.67058447406527
Marble_Cake,0.097973226496,237.21212365988876
Marble_Cake,0.12088524062099999,292.68653970495507
Marble_Cake,0.6156237053339999,1490.544016365633
Marble_Cake,0.479049706752,1159.8719603454965
Marble_Cake,0.126791530203,306.9868087152208
Marble_Cake,0.108357567,262.3546197464274
Marble_Cake,0.422225744457,1022.2901611861445
Marble_Cake,0.130650208752,316.3294155259348
Marble_Cake,0.406522601,984.2698148038301
Marble_Cake,0.550049581256,1331.776383758224
Marble_Cake,0.140622606791,340.47451925903965
Marble_Cake,0.28309573350199996,685.4295050271213
Marble_Cake,0.374081028828,905.7224962657408
Marble_Cake,0.17185633820299998,416.09742179114704
Marble_Cake,0.387285536875,937.6931632299533
Marble_Cake,0.150728029578,364.9417016262874
Marble_Cake,0.24904785375,602.9930052715663
Marble_Cake,0.131094554336,317.40526209534255
Marble_Cake,0.12805277054699998,310.04051543843445
Marble_Cake,0.251700538,609.4156667153775
Marble_Cake,0.440940943828,1067.603277292353
Marble_Cake,0.545556077248,1320.896741773019
Marble_Cake,0.506777824504,1227.0070944253355
Marble_Cake,0.348081556242,842.7727463520345
Marble_Cake,0.616298664086,1492.178222001918
Marble_Cake,0.037799334629,91.51949732554681
Marble_Cake,0.025753621586,62.35449710944888
Marble_Cake,0.025961687332,62.8582645083061
Marble_Cake,0.042335187084000005,102.50167308866102
Marble_Cake,0.0369877065,89.5543887036515
Marble_Cake,0.059935303246,145.1149571537643
Marble_Cake,0.052836382004,127.92709630917052
Marble_Cake,0.058216355832,140.95305312020403
Marble_Cake,0.052979632577999994,128.27393364513827
Marble_Cake,0.048253225752,116.83038890772139
Marble_Cake,0.032704634281,79.18424276486132
Marble_Cake,0.031854056624999995,77.12482980753009
Marble_Cake,0.054018156415999996,130.78840064693142
Marble_Cake,0.065040368832,157.4753079596808
Marble_Cake,0.03805850250000001,92.14699284920228
Marble_Cake,0.025248359375,61.13115960834807
Marble_Cake,0.025469055921999998,61.66550861848719
Marble_Cake,0.26237144749999997,635.2520017469774
Marble_Cake,0.07800941366400001,188.8758729555129
Marble_Cake,0.068161295664,165.0316752253447
Marble_Cake,0.080822438748,195.68675055901224
Marble_Cake,0.055534805003999994,134.46050010994074
Marble_Cake,0.644878907508,1561.3765170802778
Marble_Cake,0.684870194508,1658.2031548918783
Marble_Cake,0.11815376863299999,286.0731179144883
Marble_Cake,0.47233456163099996,1143.6132956897827
Marble_Cake,0.349972530754,847.3511612498693
Marble_Cake,0.259241188625,627.6730398009372
Marble_Cake,0.248058394496,600.5973331138688
Marble_Cake,0.6339517730020001,1534.9198117701662
Marble_Cake,0.366829957502,888.1662506508227
Marble_Cake,0.389700779373,943.5409322847735
Marble_Cake,0.687665392623,1664.9708699567316
Marble_Cake,0.16625889900000002,402.5449392621069
Marble_Cake,0.154141183248,373.20560656639157
Marble_Cake,0.11380366545699999,275.54067706892
Marble_Cake,0.21231865775400002,514.0645204789669
Marble_Cake,0.5471873579159999,1324.8463876648725
Marble_Cake,0.076465274508,185.1372135123016
Marble_Cake,0.120250324332,291.14928461347256
Marble_Cake,0.454951375758,1101.525241796026
Marble_Cake,0.082283260416,199.22368225502828
Marble_Cake,0.040067612664,97.01143700108048
Marble_Cake,0.4409591152480001,1067.647273813467
Marble_Cake,0.23846659075799997,577.3737217682452
Marble_Cake,0.320535772004,776.0790769622666
Marble_Cake,0.07227840791722223,175.0
Marble_Cake,0.18792386058477778,455.0
Masala_Dosa,0.131501713504,89.2185224108878
Masala_Dosa,0.421937224744,286.26711195413657
Masala_Dosa,0.6286823627520001,426.53521369372174
Masala_Dosa,0.339663141,230.4475185149527
Masala_Dosa,0.541940151668,367.6841790010642
Masala_Dosa,0.27096879775,183.8412223729262
Masala_Dosa,0.304780596416,206.78114183597708
Masala_Dosa,0.8126549625,551.3530816609475
Masala_Dosa,0.39687647875,269.26442302695966
Masala_Dosa,0.296923422211,201.45037120024904
Masala_Dosa,0.224283523629,152.16717749216363
Masala_Dosa,0.35026600375,237.64112628381014
Masala_Dosa,0.644247380586,437.09544029036107
Masala_Dosa,0.34880594008200005,236.65053293248613
Masala_Dosa,0.5436874023789999,368.8696169893839
Masala_Dosa,0.45729050074399996,310.25286060377954
Masala_Dosa,0.593612974332,402.7420711306727
Masala_Dosa,0.7156259465039999,485.52287148743363
Masala_Dosa,0.24717883824800002,167.70070999155155
Masala_Dosa,0.44072658917199997,299.01492555015386
Masala_Dosa,0.661941152844,449.0999395069093
Masala_Dosa,0.12290513625,83.38609711424255
Masala_Dosa,0.624,423.3584224946282
Masala_Dosa,0.382967237871,259.827573224666
Masala_Dosa,0.8651309436639999,586.9558839116668
Masala_Dosa,0.6233397653280001,422.91048033242606
Masala_Dosa,0.43935089866800003,298.08157593218226
Masala_Dosa,0.692983078867,470.160613917634
Masala_Dosa,0.710726121371,482.198540976526
Masala_Dosa,0.523763731502,355.3522229624787
Masala_Dosa,0.428945577,291.0219916903335
Masala_Dosa,0.7770776790039999,527.2153531072444
Masala_Dosa,0.32279505,219.0032101876196
Masala_Dosa,0.332684141328,225.7125533038494
Masala_Dosa,0.299744894873,203.36462475040295
Masala_Dosa,0.16058725,108.95186671915141
Masala_Dosa,0.2554859675,173.3367566831953
Masala_Dosa,0.217332806672,147.45140094389092
Masala_Dosa,0.6470600666249999,439.00373247696956
Masala_Dosa,0.25104610212899997,170.3244900172416
Masala_Dosa,0.25104610212899997,170.3244900172416
Masala_Dosa,0.46178379525,313.3013767477923
Masala_Dosa,0.287962898578,195.37102320346585
Masala_Dosa,0.33971015287100004,230.4794141424288
Masala_Dosa,0.49610504299399993,336.5869365281563
Masala_Dosa,0.39959685324799993,271.110085616812
Masala_Dosa,0.917413053375,622.4271523282374
Masala_Dosa,0.604459456875,410.10096494320476
Masala_Dosa,0.24403391266399999,165.5670068920239
Masala_Dosa,0.106746024004,72.42280181074865
Masala_Dosa,0.476150678498,323.0487181388785
Masala_Dosa,0.30483111491799997,206.81541656885128
Masala_Dosa,0.203937681625,138.3633576602111
Masala_Dosa,0.21597542600800002,146.53047380184645
Masala_Dosa,0.29019888675199995,196.888049527282
Masala_Dosa,0.237656,161.23985457753744
Masala_Dosa,0.5797443152480001,393.33275441285537
Masala_Dosa,0.19433131800000003,131.84583370157367
Masala_Dosa,0.438605488994,297.5758460224116
Masala_Dosa,0.291544461297,197.800966701513
Masala_Dosa,0.117742206117,79.8832606454014
Masala_Dosa,0.145521141502,98.7301296568979
Masala_Dosa,0.375864227375,255.00847175263183
Masala_Dosa,0.284103384789,192.75250129752465
Masala_Dosa,0.17140709674399998,116.29268923385249
Masala_Dosa,0.391701032246,265.753094713436
Masala_Dosa,0.365942667,248.2770997189055
Masala_Dosa,0.537016849461,364.34392025776316
Masala_Dosa,0.301756476008,204.72940009661056
Masala_Dosa,0.179603962668,121.85392677709707
Masala_Dosa,0.634837373586,430.7111362532082
Masala_Dosa,0.966656,655.8364731650117
Masala_Dosa,0.436281,295.9987755198379
Masala_Dosa,0.366995683494,248.99152824736814
Masala_Dosa,0.24761997028966667,168.0
Masala_Dosa,0.5447639346372668,369.6
Masala_Vada,0.031024224,117.43184484489532
Masala_Vada,0.051624333,195.4066816651791
Masala_Vada,0.027675579168,104.75666752693616
Masala_Vada,0.029639260875,112.1895292011293
Masala_Vada,0.047813439374999996,180.9818158283607
Masala_Vada,0.054500355828,206.29290613635598
Masala_Vada,0.053695221258,203.24533795532744
Masala_Vada,0.036907589664,139.7013618462112
Masala_Vada,0.037474321506000004,141.84653607324123
Masala_Vada,0.03206634904299999,121.3764613599951
Masala_Vada,0.06403772087699999,242.3934181963287
Masala_Vada,0.07882173883200001,298.3533836309423
Masala_Vada,0.060658398743999996,229.60212219474695
Masala_Vada,0.036885342746,139.61715356358494
Masala_Vada,0.045570974375000003,172.4937130493804
Masala_Vada,0.150849442998,570.9902167119479
Masala_Vada,0.061881200000000004,234.23062820897428
Masala_Vada,0.086776421914,328.4631813643436
Masala_Vada,0.0769218,291.16179933429015
Masala_Vada,0.09476920925,358.71721003301866
Masala_Vada,0.07867291175400001,297.79004840191556
Masala_Vada,0.026779046744,101.36314327589974
Masala_Vada,0.028660117248,108.483307814682
Masala_Vada,0.036997600248,140.04206686867
Masala_Vada,0.032396734835999995,122.62702650491327
Masala_Vada,0.034970045006,132.36743324711676
Masala_Vada,0.055312091406000005,209.36546022991777
Masala_Vada,0.037584494748000005,142.26356010776996
Masala_Vada,0.040829518336,154.54651379273696
Masala_Vada,0.06294425708399999,238.25447597868975
Masala_Vada,0.046305944663999996,175.27569776375893
Masala_Vada,0.050247196293,190.19399031449024
Masala_Vada,0.045416264,171.90810856325703
Masala_Vada,0.041371721703,156.59884366464362
Masala_Vada,0.044134245584,167.0554557550511
Masala_Vada,0.040468613,153.18042710444954
Masala_Vada,0.060922401039,230.60141476513118
Masala_Vada,0.074419366164,281.6896712977027
Masala_Vada,0.016964557999999998,64.21367196543666
Masala_Vada,0.044021875002,166.6301144233693
Masala_Vada,0.033850086875,128.12820555612373
Masala_Vada,0.05412825,204.88442372404563
Masala_Vada,0.024567397711000003,92.99168405440177
Masala_Vada,0.12500247916799997,473.15516220111846
Masala_Vada,0.09748499566399998,368.9969130418907
Masala_Vada,0.081624615006,308.96273585791886
Masala_Vada,0.083647922246,316.62129008577745
Masala_Vada,0.097024285629,367.25304897784184
Masala_Vada,0.143163822494,541.8988655612319
Masala_Vada,0.07343971116399998,277.98151427944737
Masala_Vada,0.086651438961,327.9901001119341
Masala_Vada,0.160106733248,606.0305991022428
Masala_Vada,0.16282453275,616.3179219838207
Masala_Vada,0.11881296599999999,449.72682600776164
Masala_Vada,0.12331896062499999,466.78276467281677
Masala_Vada,0.106487736789,403.07378468160556
Masala_Vada,0.063821625172,241.57546003237246
Masala_Vada,0.08107588649999999,306.8857072502552
Masala_Vada,0.164404568,622.2986180465962
Masala_Vada,0.109949353508,416.17657937062353
Masala_Vada,0.116033040664,439.2043465176205
Masala_Vada,0.030807707248,116.61229294805545
Masala_Vada,0.056100515328000006,212.34977583053708
Masala_Vada,0.12208366500800001,462.1069654253281
Masala_Vada,0.13068930875,494.68075746283364
Masala_Vada,0.0814973995,308.48120402129797
Masala_Vada,0.054227706,205.26088121612966
Masala_Vada,0.039127393494000004,148.10368832988618
Masala_Vada,0.0792457115,299.95819065422353
Masala_Vada,0.058984443543,223.26592350558272
Masala_Vada,0.082252305375,311.3386482424814
Masala_Vada,0.065231001,246.91018181499757
Masala_Vada,0.12106056975199998,458.2343798172515
Masala_Vada,0.072272673084,273.5640811556199
Masala_Vada,0.101990069289,386.0493655688526
Masala_Vada,0.158971179496,601.732339393381
Masala_Vada,0.135006378252,511.02158313323525
Masala_Vada,0.100563901344,380.6510828321111
Masala_Vada,0.082740008871,313.18468704340626
Masala_Vada,0.0292398255,110.67759991056711
Masala_Vada,0.0256755015,97.18604109043557
Masala_Vada,0.033371274709000004,126.31582191721114
Masala_Vada,0.060468197998,228.88218075499796
Masala_Vada,0.031302446168,118.48496199828445
Masala_Vada,0.034569342,130.85070576250752
Masala_Vada,0.045343405749999996,171.63232797613676
Masala_Vada,0.021876930922,82.80782003491197
Masala_Vada,0.086427119836,327.141014936339
Masala_Vada,0.055182126748,208.8735223959988
Masala_Vada,0.047312828999999994,179.0869223449735
Masala_Vada,0.025988388991999997,98.3703722574118
Masala_Vada,0.03755335004699999,142.14567223745374
Masala_Vada,0.048343558832000005,182.9884060922682
Masala_Vada,0.053077725875,200.9080152874375
Masala_Vada,0.047144786336,178.45085292882405
Masala_Vada,0.037934637877,143.58891005361338
Masala_Vada,0.024752665492000003,93.69295340164315
Masala_Vada,1.2726664000000001e-05,0.04817253873106109
Masala_Vada,0.026708611370999998,101.09653368096745
Masala_Vada,0.019160345289000003,72.5250918492746
Masala_Vada,0.030249460002000003,114.49923432723833
Masala_Vada,0.014360072289,54.355260618390616
Masala_Vada,0.061718349491999995,233.61421196635143
Masala_Vada,0.05938083375,224.76632632908155
Masala_Vada,0.065450563504,247.74126238943788
Masala_Vada,0.055992050336,211.93921780621235
Masala_Vada,0.060996301416,230.88113997617413
Masala_Vada,0.07185945975,272.0
Masala_Vada,0.08790832899199999,332.7476378059466
Masala_Vada,0.093995320336,355.7879118537626
Masala_Vada,0.034931216832,132.22046215430947
Masala_Vada,0.071355668004,270.0930644985541
Masala_Vada,0.086469666416,327.30206081394874
Masala_Vada,0.045574456500000006,172.506893471322
Masala_Vada,0.09347595566400001,353.82203023879543
Masala_Vada,0.163339579371,618.2674590579844
Masala_Vada,0.11404643424599999,431.6847110016298
Masala_Vada,0.04970307825,188.13441307565634
Masala_Vada,0.112191655625,424.6640656103736
Masala_Vada,0.049367663496,186.86481247741358
Masala_Vada,0.16387021387700001,620.275998867971
Masala_Vada,0.070671689248,267.50409121265346
Masala_Vada,0.119482037369,452.25937235588526
Masala_Vada,0.105081117582,397.74949716768504
Masala_Vada,0.07348093200000001,278.1375419956452
Masala_Vada,0.057789115748,218.74140910801935
Masala_Vada,0.055949412289,211.7778257108035
Masala_Vada,0.070347221379,266.27592639378287
Masala_Vada,0.06827996875,258.45103156373233
Masala_Vada,0.097813032836,370.2385882659242
Masala_Vada,0.085925498752,325.2422957513816
Masala_Vada,0.089624327664,339.24297802152626
Masala_Vada,0.075426797916,285.5029679394716
Masala_Vada,0.2664278895,1008.4738487614361
Masala_Vada,0.15954352375,603.8987575327548
Masala_Vada,0.139586670418,528.358750341092
Masala_Vada,0.16973459066799998,642.4736398285543
Masala_Vada,0.063678197418,241.03256214218897
Masala_Vada,0.122849704164,465.00655096572723
Masala_Vada,0.065267739414,247.04924281883433
Masala_Vada,0.042827308254,162.10848071520607
Masala_Vada,0.030347894663999998,114.87182588522035
Masala_Vada,0.017069927375,64.61251256484711
Masala_Vada,0.040414746252,152.97653250926368
Masala_Vada,0.038468028289,145.60788142591068
Masala_Vada,0.056697177879,214.6082427663673
Masala_Vada,0.036352663247999996,137.60087311894938
Masala_Vada,0.096855042793,366.6124367111736
Masala_Vada,0.124220441625,470.1950201065908
Masala_Vada,0.06339360087899999,239.95531693498432
Masala_Vada,0.164451996047,622.4781410882233
Masala_Vada,0.19831421183599998,750.6522565999669
Masala_Vada,0.210547786834,796.958371494687
Masala_Vada,0.10460362695900001,395.9421157887011
Masala_Vada,0.262994284289,995.477082286414
Masala_Vada,0.160671714498,608.1691470475604
Masala_Vada,0.11121892937100002,420.98213504745985
Masala_Vada,0.11443770175000001,433.16572354275183
Masala_Vada,0.139722212836,528.8718009237747
Masala_Vada,0.16768759229100003,634.7254107090891
Masala_Vada,0.09329891750000001,353.151911359868
Masala_Vada,0.2271035795,859.624798723873
Masala_Vada,0.13276592099999998,502.541080014173
Masala_Vada,0.054063082584000006,204.63775422202505
Masala_Vada,0.186635216664,706.4453185317469
Masala_Vada,0.128253281248,485.45998843883604
Masala_Vada,0.076293873873,288.7849945665087
Masala_Vada,0.07748057000200001,293.2768366734625
Masala_Vada,0.084208030998,318.74139481623365
Masala_Vada,0.035828911006000004,135.61838382220793
Masala_Vada,0.091201387998,345.21241353273604
Masala_Vada,0.0894200265,338.4696641558038
Masala_Vada,0.10190021625,385.70925688040677
Masala_Vada,0.08602887532799999,325.6335932753238
Masala_Vada,0.092971713582,351.9133901407323
Masala_Vada,0.190058493086,719.4029888235001
Masala_Vada,0.064052065836,242.447716250636
Masala_Vada,0.171221447754,648.1016410520398
Masala_Vada,0.200264654617,758.0350067386083
Masala_Vada,0.23967184725000001,907.1977813192508
Masala_Vada,0.11393159800199999,431.2500367294231
Masala_Vada,0.085161543418,322.3505978236359
Masala_Vada,0.029171119754,110.41753724133726
Masala_Vada,0.035085522416,132.8045344392114
Masala_Vada,0.041711404623,157.8845999806727
Masala_Vada,0.03324454437299999,125.83612652968768
Masala_Vada,0.028505877377,107.89948426440822
Masala_Vada,0.031683594246,119.92767082989377
Masala_Vada,0.034584160164000004,130.90679497639837
Masala_Vada,0.033382468746,126.3581932079861
Masala_Vada,0.032689365875,123.73468363015351
Masala_Vada,0.0338484835,128.12213651522757
Masala_Vada,0.030630957039,115.9432640266684
Masala_Vada,0.029169284368999997,110.41059000402518
Masala_Vada,0.028511704293000005,107.92154011004796
Masala_Vada,0.032381163994,122.56808827967845
Masala_Vada,0.045042035922,170.49159308192546
Masala_Vada,0.047177942625,178.57635499409665
Masala_Vada,0.045664950168,172.84942704702146
Masala_Vada,0.040582765991999996,153.6125151542626
Masala_Vada,0.05029311087899999,190.3677846546571
Masala_Vada,0.07036991900799999,266.3618406924636
Masala_Vada,0.055123986168,208.6534506362748
Masala_Vada,0.213207349906,807.0252598083581
Masala_Vada,0.26371912541599996,998.2207264389014
Masala_Vada,0.21899853133400002,828.9458441530797
Masala_Vada,0.153555840248,581.2343801743654
Masala_Vada,0.134525445586,509.20117304934234
Masala_Vada,0.092019170334,348.3078556104508
Masala_Vada,0.067561197627,255.73036338537182
Masala_Vada,0.078718800127,297.96374352152014
Masala_Vada,0.147255051457,557.3848472511512
Masala_Vada,0.145521141502,550.8217098521117
Masala_Vada,0.13027077446100002,493.0965356080625
Masala_Vada,0.13803252525,522.4760525422681
Masala_Vada,0.1138652445,430.99887769473526
Masala_Vada,0.09947130250000001,376.5154145902134
Masala_Vada,0.047249051507999996,178.8455139363332
Masala_Vada,0.144117069256,545.5070630089451
Masala_Vada,0.025141001756,95.16287071211943
Masala_Vada,0.118470117582,448.42908775561733
Masala_Vada,0.150590022256,570.0082660812378
Masala_Vada,0.14596194233600002,552.4902142809667
Masala_Vada,0.031485857917999995,119.17920595967185
Masala_Vada,0.035144472418,133.02766999575167
Masala_Vada,0.03610256,136.6541907518307
Masala_Vada,0.049062702117,185.71048296566133
Masala_Vada,0.063710587336,241.1551633658365
Masala_Vada,0.043950557742,166.36016673955024
Masala_Vada,0.04815714650200001,182.28280443680907
Masala_Vada,0.051824123082,196.16292033567646
Masala_Vada,0.049712578530999994,188.17037321842653
Masala_Vada,0.063667446828,240.99186937202103
Masala_Vada,0.055818907375000004,211.28384291812048
Masala_Vada,0.050459490156,190.9975578745149
Masala_Vada,0.071069041875,269.00813695583065
Masala_Vada,0.150594261,570.0243104318636
Masala_Vada,0.118546405918,448.717851788414
Masala_Vada,0.03704018524799999,140.20325817236608
Masala_Vada,0.10750716137699999,406.9324762011448
Masala_Vada,0.14483778625799998,548.2350966627744
Masala_Vada,0.107,405.01278608624665
Masala_Vada,0.059594635875,225.57560291148727
Masala_Vada,0.06011747524999999,227.55463685489227
Masala_Vada,0.127465635256,482.4786174325782
Masala_Vada,0.1352368185,511.89383777686976
Masala_Vada,0.036832542,139.41729396316538
Masala_Vada,0.06076273200000001,229.99704091151344
Masala_Vada,0.089334543496,338.1460967762425
Masala_Vada,0.075009520836,283.9235048297451
Masala_Vada,0.108986614836,412.5324534657666
Masala_Vada,0.136823517744,517.8997581646584
Masala_Vada,0.095310290834,360.7652937698018
Masala_Vada,0.057480585258000004,217.57356991785625
Masala_Vada,0.212046875,802.6326693890849
Masala_Vada,0.165872430797,627.8547227288889
Masala_Vada,0.076574961,289.8489560659409
Masala_Vada,0.11724291466399998,443.78392071905324
Masala_Vada,0.086799649828,328.55110287989606
Masala_Vada,0.147500822664,558.3151321229909
Masala_Vada,0.062828914758,237.8178861019895
Masala_Vada,0.0964267155,364.99114670841925
Masala_Vada,0.16103995170299998,609.5629860787535
Masala_Vada,0.039728707875,150.37976321551736
Masala_Vada,0.090859564629,343.9185552614456
Masala_Vada,0.131117086758,496.2999683305579
Masala_Vada,0.116951673258,442.68152358570995
Masala_Vada,0.269996800416,1021.9827698210881
Masala_Vada,0.081729821758,309.36096090224225
Masala_Vada,0.070390186125,266.4385550992123
Masala_Vada,0.069965485752,264.8309935915431
Masala_Vada,0.095556456336,361.6970711137583
Masala_Vada,0.093189245219,352.73678354599656
Masala_Vada,0.08725113337500001,330.2600431531912
Masala_Vada,0.0985020795,372.84674442601835
Masala_Vada,0.087584379373,331.52143464947216
Masala_Vada,0.057079307999999995,216.0546687939718
Masala_Vada,0.055377973586,209.61483523249007
Masala_Vada,0.05616152820899999,212.5807197269946
Masala_Vada,0.109652528672,415.05304802662397
Masala_Vada,0.070666553504,267.4846515679239
Masala_Vada,0.082339924,311.6702993025215
Masala_Vada,0.08167640400000001,309.15876580883986
Masala_Vada,0.116444721,440.7626250209876
Masala_Vada,0.138314337,523.5427568602059
Masala_Vada,0.11943875000000001,452.09552246877286
Masala_Vada,0.022486541996,85.11529928266683
Masala_Vada,0.072363508832,273.90790956098164
Masala_Vada,0.054955644168,208.01624818360816
Masala_Vada,0.038744371008,146.6538845524232
Masala_Vada,0.037370782996,141.45462560219153
Masala_Vada,0.078407742252,296.7863377590172
Masala_Vada,0.054985090004,208.12770556750533
Masala_Vada,0.06454521325,244.31436118610674
Masala_Vada,0.054488696496,206.24877362666228
Masala_Vada,0.041533925547,157.21281217653464
Masala_Vada,0.048262468914,182.68146727345803
Masala_Vada,0.033537695625,126.94575274760538
Masala_Vada,0.053399007336000004,202.12411902236715
Masala_Vada,0.050470387992,191.03880799526885
Masala_Vada,0.068540642086,259.43772347094495
Masala_Vada,0.080740016994,305.61438534010136
Masala_Vada,0.064986664248,245.98532659377528
Masala_Vada,0.104250321668,394.6047965340569
Masala_Vada,0.06626193887500001,250.81245303962925
Masala_Vada,0.06477261008400001,245.17509600185943
Masala_Vada,0.05372302650000001,203.35058541822676
Masala_Vada,0.109026970496,412.6852063469904
Masala_Vada,0.08406201016800001,318.1886817023559
Masala_Vada,0.111134833998,420.6638200818926
Masala_Vada,0.044808461379,169.60747461071747
Masala_Vada,0.057786757752,218.73248370120123
Masala_Vada,0.04054756725199999,153.47928207244834
Masala_Vada,0.027636103383000002,104.60724511884465
Masala_Vada,0.041594336663999996,157.4414782962239
Masala_Vada,0.134386105584,508.67374797996587
Masala_Vada,0.076044709504,287.8418660124703
Masala_Vada,0.11112765420300001,420.63664336435545
Masala_Vada,0.135205496209,511.7752776988836
Masala_Vada,0.132175324,500.3055721971247
Masala_Vada,0.10690248712499999,404.6436836452837
Masala_Vada,0.07853487024599999,297.26753834817134
Masala_Vada,0.045186384336,171.03797582324574
Masala_Vada,0.175986396586,666.1377644352802
Masala_Vada,0.16692601275000002,631.8427055527649
Masala_Vada,0.134328339082,508.45509216765305
Masala_Vada,0.209762814586,793.9871210539125
Masala_Vada,0.123301783332,466.7177457635145
Masala_Vada,0.16966317108399998,642.2033048313865
Masala_Vada,0.132717847248,502.3591128717887
Masala_Vada,0.12869619033600002,487.1364729595258
Masala_Vada,0.154822644082,586.0294432606557
Masala_Vada,0.148990810875,563.9549851750729
Masala_Vada,0.046431858332,175.75230192715165
Masala_Vada,0.081595461834,308.8523862559098
Masala_Vada,0.06124698408399999,231.83001554430695
Masala_Vada,0.086943614332,329.0960324580509
Masala_Vada,0.098805831164,373.99649496541065
Masala_Vada,0.09880606533599999,373.99738134535585
Masala_Vada,0.134832155256,510.3621201331395
Masala_Vada,0.06344222396100001,240.1393633827313
Masala_Vada,0.08219836850399999,311.13448822008434
Masala_Vada,0.10794387350000001,408.58550417921845
Masala_Vada,0.059769674496,226.23815318778543
Masala_Vada,0.200952914344,760.6401842113488
Masala_Vada,0.174834498492,661.7776386751085
Masala_Vada,0.09454018662500001,357.8503213280838
Masala_Vada,0.009615194082000001,36.39510788701693
Masala_Vada,0.023589076796999998,89.28857677341499
Masala_Vada,0.017708459867,67.0294641871977
Masala_Vada,0.008813634498,33.36107162225082
Masala_Vada,0.122083486293,462.1062889593461
Masala_Vada,0.192456234828,728.4788398818432
Masala_Vada,0.27318822600000003,1034.0628461515814
Masala_Vada,0.21945246974399998,830.6640764908896
Masala_Vada,0.140946642207,533.5064696239107
Masala_Vada,0.009162421758,34.68128937854978
Masala_Vada,0.014581674258000001,55.194060906866206
Masala_Vada,0.009716299078,36.77780710306551
Masala_Vada,0.008546107752000001,32.348438418979356
Masala_Vada,0.018756153249999998,70.9951577947954
Masala_Vada,0.019846345999999997,75.12171857094987
Masala_Vada,0.048903095752,185.1063463435515
Masala_Vada,0.068328148416,258.63339960821236
Masala_Vada,0.08087739086699999,306.1343682843928
Masala_Vada,0.072769316709,275.44395983088367
Masala_Vada,0.066762047164,252.7054460440471
Masala_Vada,0.046865124710999996,177.39228719141602
Masala_Vada,0.057438745996,217.4152013564505
Masala_Vada,0.054879761124999996,207.72901825218634
Masala_Vada,0.027416448078,103.77581327719348
Masala_Vada,0.130012166203,492.1176603643475
Masala_Vada,0.180012851664,681.3785662034288
Masala_Vada,0.212683749078,805.0433436387755
Masala_Vada,0.083426629207,315.7836591487038
Masala_Vada,0.12346273565600001,467.3269770641715
Masala_Vada,0.374963341914,1419.2985774654117
Masala_Vada,0.059358372252,224.68130582548667
Masala_Vada,0.051736607999999996,195.83166120310275
Masala_Vada,0.053931994959,204.1415657713458
Masala_Vada,0.059189001918,224.0402109576951
Masala_Vada,0.051715899004,195.75327421088772
Masala_Vada,0.06323385599999999,239.35065601436
Masala_Vada,0.086511478869,327.4603278988331
Masala_Vada,0.095791276416,362.5859041495508
Masala_Vada,0.06941170924199999,262.7348574496345
Masala_Vada,0.07153789875199999,270.78283817105927
Masala_Vada,0.098352489375,372.2805209372591
Masala_Vada,0.209011132291,791.141878618869
Masala_Vada,0.248441886,940.3938357886138
Masala_Vada,0.27556532400800005,1043.0605572452278
Masala_Vada,0.12564461525,475.5857540106263
Masala_Vada,0.12328473524600002,466.6532159241847
Masala_Vada,0.07142012366799999,270.3370399009436
Masala_Vada,0.146884795379,555.9833664500658
Masala_Vada,0.07324394962500001,277.2405243138501
Masala_Vada,0.059854995668,226.56110800632618
Masala_Vada,0.06613460741800001,250.33048230919943
Masala_Vada,0.07332584725,277.55052043791636
Masala_Vada,0.0674446285,255.28912986296146
Masala_Vada,0.080242756,303.7321698205503
Masala_Vada,0.064097506914,242.619718284314
Masala_Vada,0.079410431,300.58168134223973
Masala_Vada,0.07657837525,289.861879569725
Masala_Vada,0.084462506086,319.7046253244619
Masala_Vada,0.067092128752,253.9548597224738
Masala_Vada,0.022418444582000003,84.85753925117703
Masala_Vada,0.035929729875,136.0
Masala_Vada,0.10778918962499999,408.0
Mutton_Biryani,0.499797796498,486.4964031089279
Mutton_Biryani,0.5241437108810001,510.19438629476383
Mutton_Biryani,0.142323796002,138.5360546143562
Mutton_Biryani,0.103245341256,100.49761625749544
Mutton_Biryani,0.563629897244,548.6297050830593
Mutton_Biryani,0.599891922496,583.9266691316267
Mutton_Biryani,0.43120318554700005,419.7273382308051
Mutton_Biryani,0.455906967,443.7736643736648
Mutton_Biryani,0.8778631557559999,854.5001012201451
Mutton_Biryani,0.400827075996,390.15964477447073
Mutton_Biryani,0.346170858496,336.9580232235129
Mutton_Biryani,0.632115568742,615.2927297737053
Mutton_Biryani,0.669129384,651.3214760277465
Mutton_Biryani,0.650212242328,632.9077866417292
Mutton_Biryani,0.716640230754,697.5678905106341
Mutton_Biryani,0.766585511328,746.1839498885879
Mutton_Biryani,0.765418272504,745.04777543279
Mutton_Biryani,0.789652885119,768.6374189857362
Mutton_Biryani,0.227347206875,221.29669073479283
Mutton_Biryani,0.904460101082,880.3892074255896
Mutton_Biryani,0.06029098124999999,58.6864242370668
Mutton_Biryani,0.175594197168,170.92101231257377
Mutton_Biryani,0.22296388700199998,217.0300265621369
Mutton_Biryani,0.059161873625,57.58736617371746
Mutton_Biryani,0.056919322827999996,55.404497613323706
Mutton_Biryani,0.059752153379,58.161936488275
Mutton_Biryani,0.555069894084,540.2975139907408
Mutton_Biryani,0.8046160771249999,783.2023873408465
Mutton_Biryani,0.474523355625,461.8946048187808
Mutton_Biryani,0.8173931407519999,795.6394079527496
Mutton_Biryani,0.386645301172,376.3552973165196
Mutton_Biryani,0.728681407379,709.2886086856797
Mutton_Biryani,0.927278480209,902.6003084905494
Mutton_Biryani,0.451462753672,439.4477273369868
Mutton_Biryani,0.51805425825,504.266995612689
Mutton_Biryani,0.703161113172,684.4475000914028
Mutton_Biryani,0.529602152836,515.507559734689
Mutton_Biryani,0.6327368365,615.897463391485
Mutton_Biryani,0.823092505625,801.1870924966751
Mutton_Biryani,0.548122215244,533.5347375453478
Mutton_Biryani,0.50128331175,487.94238352725955
Mutton_Biryani,0.295278912131,287.4204921914327
Mutton_Biryani,0.83817296825,815.8662104833636
Mutton_Biryani,0.700102250625,681.470044734162
Mutton_Biryani,0.376269432084,366.25556693393213
Mutton_Biryani,0.18826779750000003,183.2573231549982
Mutton_Biryani,0.5092869375,495.7330043873109
Mutton_Biryani,0.881630826797,858.1675011614562
Mutton_Biryani,0.34503194566400003,335.84942090452523
Mutton_Biryani,0.799786056914,778.5009111117405
Mutton_Biryani,0.596719,580.8381893654828
Mutton_Biryani,0.6150838083279999,598.714244958282
Mutton_Biryani,0.6382352568340001,621.2495512438425
Mutton_Biryani,0.861276711664,838.3550812787505
Mutton_Biryani,0.334502768873,325.6004628810779
Mutton_Biryani,0.9312806678319999,906.4959836952006
Mutton_Biryani,0.4746723,462.0395852552864
Mutton_Biryani,0.697719554047,679.1507601694459
Mutton_Biryani,0.859631091,836.7532564217237
Mutton_Biryani,0.26061328125,253.67743679327677
Mutton_Biryani,0.4730689852500001,460.47894040172395
Mutton_Biryani,0.44450681167199996,432.6769076436113
Mutton_Biryani,0.582263163328,566.767073818085
Mutton_Biryani,0.43005456274199994,418.60928435566433
Mutton_Biryani,0.29278360183200003,284.99159095655295
Mutton_Biryani,0.945875514168,920.7024093660268
Mutton_Biryani,0.6768071591189999,658.7949182986902
Mutton_Biryani,0.229350956836,223.24711379705226
Mutton_Biryani,0.29919120316799996,291.2286632773238
Mutton_Biryani,0.611813108207,595.5305897767995
Mutton_Biryani,0.989875,963.5309127045682
Mutton_Biryani,0.07359938216800001,71.64064136868329
Mutton_Biryani,0.079358984375,77.24696011733938
Mutton_Biryani,0.08334144341600001,81.12343178758391
Mutton_Biryani,0.200803089084,195.45900613613156
Mutton_Biryani,0.23498256250000002,228.72884244503928
Mutton_Biryani,0.028472762789000003,27.715001507569987
Mutton_Biryani,0.22959510949999998,223.48476869204725
Mutton_Biryani,0.7670167576639999,746.6037192288849
Mutton_Biryani,0.354621484711,345.18374827956956
Mutton_Biryani,0.239387884582,233.0169232698172
Mutton_Biryani,0.9819257245,955.7931956414491
Mutton_Biryani,0.308202358725,300.0
Mutton_Biryani,0.719138837025,700.0
Pancake,0.207756783672,148.17092954421898
Pancake,0.346092702252,246.83130194251618
Pancake,0.333105180664,237.56867709745836
Pancake,0.41082646466399997,292.9990447230536
Pancake,0.420161574,299.6567903969363
Pancake,0.36773510617199995,262.2665385192462
Pancake,0.574483379916,409.71820464955783
Pancake,0.5239473217539999,373.676181948696
Pancake,0.382315136211,272.6649311275566
Pancake,0.21676243875,154.59371035780987
Pancake,0.820323469336,585.049926313598
Pancake,0.47398943121099996,338.04650503036646
Pancake,0.458348706836,326.89163139193226
Pancake,0.912265920256,650.6227474586251
Pancake,0.318124275172,226.88438244805627
Pancake,0.51986383875,370.76386562483566
Pancake,0.570593404746,406.9438969872251
Pancake,0.265962784668,189.68311085640684
Pancake,0.552599346672,394.11063944456623
Pancake,0.562910172629,401.4642605365704
Pancake,0.126739623906,90.38996249520613
Pancake,0.15900115316799998,113.3986974918714
Pancake,0.598809744,427.06762600201773
Pancake,0.3039254925,216.75789324408362
Pancake,0.926001483672,660.4188713838752
Pancake,0.49278910875000004,351.4543256889832
Pancake,0.154843288453,110.43333256442192
Pancake,0.21125298012899998,150.66439651914456
Pancake,0.23426151254100003,167.0739479892745
Pancake,0.42900813250200004,305.9661044580267
Pancake,0.748576628002,533.8804964426391
Pancake,0.5266332336680001,375.5917587011722
Pancake,0.290171424414,206.9485718958356
Pancake,0.8551285241659999,609.8726889490673
Pancake,0.29539496475000004,210.67397047689363
Pancake,0.6399960637069999,456.441469626427
Pancake,0.49942855983600004,356.18954358025144
Pancake,0.056548825995999995,40.3302937423692
Pancake,0.06545426475600001,46.68160086094468
Pancake,0.0609356625,43.45896001775011
Pancake,0.026736479496,19.068301644083373
Pancake,0.05051960350799999,36.03028733734961
Pancake,0.042218108877,30.109709658290228
Pancake,0.061016345709000004,43.51650281305548
Pancake,0.665625253748,474.72005887257075
Pancake,0.41285209449999993,294.443712138518
Pancake,0.7445283057519999,530.9932565639931
Pancake,0.449192001879,320.36112268333164
Pancake,0.35035440975,249.87072693872307
Pancake,0.368846584414,263.05923833570716
Pancake,0.605039757496,431.51083538589387
Pancake,0.718954120084,512.7538961166995
Pancake,0.892201768293,636.3131109965602
Pancake,0.23723740267200003,169.19633551924264
Pancake,0.567325540125,404.61327494947415
Pancake,0.25695420725,183.2582458469279
Pancake,0.48336286699200004,344.7315849018691
Pancake,0.275027980164,196.14835554975454
Pancake,0.605569106746,431.88836419164323
Pancake,0.434640529,309.98309687540944
Pancake,0.523064132619,373.04629659533543
Pancake,0.857296697125,611.4190172906481
Pancake,0.487967487584,348.01557352190974
Pancake,0.844582891043,602.3516047522013
Pancake,0.18404064675,131.2567186538609
Pancake,0.14035411775,100.09974030599636
Pancake,0.32249281550400005,230.0
Pancake,0.36433526291400004,259.84179008533795
Pancake,0.216925549918,154.710040293971
Pancake,0.510131040256,363.82249035691984
Pancake,0.35415888841399995,252.5840589903301
Pancake,0.23796330308400002,169.7140434703456
Pancake,0.32168180812499997,229.42159425512006
Pancake,0.294439207086,209.9923296707986
Pancake,0.07489074199199999,53.41164153142614
Pancake,0.07780583974800001,55.49067229318799
Pancake,0.090927238008,64.84877720192375
Pancake,0.09930629478900001,70.82467175516565
Pancake,0.09930629478900001,70.82467175516565
Pancake,0.0669831575,47.77199827203254
Pancake,0.067369438246,48.047491452992716
Pancake,0.06407235000000001,45.69602729589248
Pancake,0.641855305211,457.7674698514296
Pancake,0.483043459242,344.50378515264
Pancake,0.12057354483600001,85.99235077203147
Pancake,0.07737852491599999,55.185913840797646
Pancake,0.060567530002,43.196410061690855
Pancake,0.084899337459,60.54971359610892
Pancake,0.112378615668,80.14777496126702
Pancake,0.09076908554299999,64.73598378389627
Pancake,0.085246413494,60.797246205247035
Pancake,0.308850494832,220.27037625735542
Pancake,0.5816109851719999,414.80157125516104
Pancake,0.47725240833399996,340.37364133297564
Pancake,0.388685375748,277.2081489081457
Pancake,0.269577251328,192.2609274521061
Pancake,0.26066521600000003,185.9049156996069
Pancake,0.298248142834,212.70884048878648
Pancake,0.22392831495899998,159.70437158446146
Pancake,0.301825422756,215.26013571926828
Pancake,0.268194811086,191.27497911349562
Pancake,0.16124640775200003,115.0
Pancake,0.48373922325600005,345.0
Plain_Omelette,0.12150077867199999,49.29418020379067
Plain_Omelette,0.6415558632539999,260.2861535514519
Plain_Omelette,0.35691422703100006,144.80396271416888
Plain_Omelette,0.489459635,198.5790684955653
Plain_Omelette,0.268877844246,109.08664991233928
Plain_Omelette,0.49143789,199.38166794821822
Plain_Omelette,0.323451899078,131.22793429540076
Plain_Omelette,0.305566316836,123.9715601081459
Plain_Omelette,0.460783819914,186.9449801235406
Plain_Omelette,0.58368394375,236.80688979734342
Plain_Omelette,0.28908340612500005,117.28426493397706
Plain_Omelette,0.379064129625,153.79041779617788
Plain_Omelette,0.616327289172,250.05064814419816
Plain_Omelette,0.13866378450800002,56.25739732688773
Plain_Omelette,0.10389856970900001,42.15277362112767
Plain_Omelette,0.662987525508,268.9812107581833
Plain_Omelette,0.6909846885,280.3399626345661
Plain_Omelette,0.45549685187500005,184.8
Plain_Omelette,0.405849906242,164.65769711643102
Plain_Omelette,0.503120331336,204.12136076937796
Plain_Omelette,0.721341094914,292.65588508762994
Plain_Omelette,0.619119724418,251.18356932979273
Plain_Omelette,0.585819053996,237.67312712003095
Plain_Omelette,0.352661060664,143.07840711178392
Plain_Omelette,0.294587558672,119.51735916173853
Plain_Omelette,0.7222661025079999,293.0311706744952
Plain_Omelette,0.508044340998,206.11908475318128
Plain_Omelette,0.379020279375,153.77262727541654
Plain_Omelette,0.8430635812580001,342.0400144922042
Plain_Omelette,0.452178705625,183.45379217336878
Plain_Omelette,0.794438,322.31209018386147
Plain_Omelette,0.564456875594,229.00626026367573
Plain_Omelette,0.415190526996,168.4472879955638
Plain_Omelette,0.717108301,290.9385948097997
Plain_Omelette,0.8880687690000001,360.29910598863455
Plain_Omelette,0.286918453006,116.40592003489748
Plain_Omelette,0.5456063200000001,221.35838594921793
Plain_Omelette,0.5000863011209999,202.8904218914823
Plain_Omelette,0.897789518752,364.2429193141821
Plain_Omelette,0.40643868467199995,164.89657089440797
Plain_Omelette,0.441760572,179.22704266681382
Plain_Omelette,0.390008312832,158.23059130852658
Plain_Omelette,0.54067651625,219.35831124123726
Plain_Omelette,0.516724422498,209.6406877117901
Plain_Omelette,0.43218064554299995,175.34036287535952
Plain_Omelette,0.6922977761250001,280.8726964879421
Plain_Omelette,0.5039056317439999,204.43996563964436
Plain_Omelette,0.45935605425599996,186.36572015168284
Plain_Omelette,0.325471654871,132.04737106869558
Plain_Omelette,0.473746013832,192.20388241053985
Plain_Omelette,0.728947051164,295.7417038133008
Plain_Omelette,0.217602148996,88.28354569066536
Plain_Omelette,0.246105366041,99.84760917043121
Plain_Omelette,0.400025361625,162.2946163601298
Plain_Omelette,0.158948759172,64.48723097442284
Plain_Omelette,0.14960916574799998,60.69805689418387
Plain_Omelette,0.17449053350399998,70.79269693918386
Plain_Omelette,0.827793216,335.84466212464747
Plain_Omelette,0.405667679004,164.58376555478844
Plain_Omelette,0.7835138644159999,317.88005020902267
Plain_Omelette,0.444553245668,180.36006058279278
Plain_Omelette,0.077569591125,31.470822204132052
Plain_Omelette,0.039742042752,16.123776641567375
Plain_Omelette,0.5089911698790001,206.50322347222743
Plain_Omelette,0.29460187224999995,119.52316633516575
Plain_Omelette,0.22774842593750003,92.4
Plain_Omelette,0.6832452778125,277.2
Rice_Puttu,0.162559049748,102.49286022955164
Rice_Puttu,0.37879309125,238.8275978334679
Rice_Puttu,0.5307102043749999,334.6107576522228
Rice_Puttu,0.507013745922,319.67023106866
Rice_Puttu,0.599168172625,377.7732452671743
Rice_Puttu,0.231161029506,145.7461465504735
Rice_Puttu,0.38183812941399997,240.74748277017437
Rice_Puttu,0.284155247664,179.1587987716956
Rice_Puttu,0.31199599483199997,196.71228356752567
Rice_Puttu,0.751733274996,473.96495983156456
Rice_Puttu,0.203528076832,128.32367538976877
Rice_Puttu,0.622394682164,392.4174708546849
Rice_Puttu,0.484561918008,305.5144392880436
Rice_Puttu,0.356887053922,225.01592493354272
Rice_Puttu,0.14039609375,88.51920108908496
Rice_Puttu,0.32027008,201.9290626761995
Rice_Puttu,0.07608380625,47.97054935915358
Rice_Puttu,0.33614098,211.93560453245934
Rice_Puttu,0.44759100132799995,282.2044174731045
Rice_Puttu,0.19628303603900002,123.75570483072897
Rice_Puttu,0.28290016,178.36747079136103
Rice_Puttu,0.345873128328,218.07168689675257
Rice_Puttu,0.14459534404700003,91.16681236896464
Rice_Puttu,0.729688215709,460.06563411726387
Rice_Puttu,0.626699054709,395.1313613105808
Rice_Puttu,0.11142313183199999,70.25185921607901
Rice_Puttu,0.052686013004,33.21833004832602
Rice_Puttu,0.199846468008,126.00243508230467
Rice_Puttu,0.453929931873,286.2010889802319
Rice_Puttu,0.261695068877,164.9977417975356
Rice_Puttu,0.5903042077460001,372.18454925282543
Rice_Puttu,0.6399977015039999,403.5161073417311
Rice_Puttu,0.34664735437500005,218.5598334634572
Rice_Puttu,0.27905787000000004,175.94492161589596
Rice_Puttu,0.19977207499600003,125.95553057226486
Rice_Puttu,0.169407256496,106.8106284382974
Rice_Puttu,0.515160221461,324.80655279345194
Rice_Puttu,0.30554085599999997,192.64234317911817
Rice_Puttu,0.32443143350000003,204.5527801702574
Rice_Puttu,0.16127717524799998,101.68464325138893
Rice_Puttu,0.103689289133,65.37570092151014
Rice_Puttu,0.21998709949800002,138.70102634153955
Rice_Puttu,0.175480099541,110.63953279257404
Rice_Puttu,0.252050297504,158.9167502697721
Rice_Puttu,0.42359590012500004,267.07559777585925
Rice_Puttu,0.242727834371,153.03897285678335
Rice_Puttu,0.265958131131,167.68558627267515
Rice_Puttu,0.169290368502,106.73693100434878
Rice_Puttu,0.20634382054099998,130.09899104802435
Rice_Puttu,0.217954325248,137.41936993787294
Rice_Puttu,0.2186595335,137.86400104833407
Rice_Puttu,0.292912545996,184.68024193540478
Rice_Puttu,0.154947575336,97.69385467274459
Rice_Puttu,0.170859571666,107.72630760816718
Rice_Puttu,0.444046197504,279.9694321958307
Rice_Puttu,0.31184274262500006,196.61565863611605
Rice_Puttu,0.594262664127,374.6803408879976
Rice_Puttu,0.286945419297,180.91799133366519
Rice_Puttu,0.46829839333199996,295.26034907257315
Rice_Puttu,0.524992105758,331.0055183054163
Rice_Puttu,0.203931027752,128.5777344063966
Rice_Puttu,0.073544115791,46.369284221075254
Rice_Puttu,0.5224648436639999,329.41208920401994
Rice_Puttu,0.28548943691399997,180.0
Rice_Puttu,0.33247115866399995,209.6217961911756
Rice_Puttu,0.175567912172,110.69489832115842
Rice_Puttu,0.11412891725799998,71.95784659671445
Rice_Puttu,0.24175,152.4224520191559
Rice_Puttu,0.42452350050000004,267.66044627079776
Rice_Puttu,0.14274471845699999,90.0
Rice_Puttu,0.42823415537099996,270.0
Sambar,0.042857404422000006,19.206989165526583
Sambar,0.053327356922000003,23.89920669347023
Sambar,0.037830613836,16.954180960624857
Sambar,0.28476904682799997,127.6221943645061
Sambar,0.43310225,194.09925392133644
Sambar,0.09934887500000002,44.52422612771953
Sambar,0.048535501875,21.75168728085602
Sambar,0.10447187366399999,46.82015097808084
Sambar,0.480223169422,215.2169814415643
Sambar,0.057788562832,25.898542274664866
Sambar,0.234291143996,105.0
Sambar,0.134034093293,60.0687655356076
Sambar,0.34281515625000003,153.63615880788285
Sambar,0.26285679749999996,117.80199313880684
Sambar,0.217130546875,97.30930086825748
Sambar,0.2716859,121.75884676412282
Sambar,0.398752051836,178.70485725015206
Sambar,0.24283131600000002,108.8273664344535
Sambar,0.09904873512300001,44.389715336797195
Sambar,0.12009514683599999,53.82188247796206
Sambar,0.9103609324999999,407.9876698802237
Sambar,0.110993798619,49.74301911810193
Sambar,0.17190441491400002,77.04074195087017
Sambar,0.14737419825,66.04727157981776
Sambar,0.601217960336,269.44204872019304
Sambar,0.435205801164,195.04198213740494
Sambar,0.156890908746,70.3122838420698
Sambar,0.305472370422,136.9006030157828
Sambar,0.275442188754,123.44226642925851
Sambar,0.400938974375,179.68494921043083
Sambar,0.300557544375,134.69797287734355
Sambar,0.190779410334,85.49976641631832
Sambar,0.528182763832,236.71056983403028
Sambar,0.11992005058400002,53.743411281200515
Sambar,0.06606860941800001,29.60933081195949
Sambar,0.772220707672,346.07869901793777
Sambar,0.742625497328,332.8152993301841
Sambar,0.08837750970299998,39.60729526752162
Sambar,0.218387440508,97.87259075286042
Sambar,0.373412408496,167.34863394046766
Sambar,0.13287246749999998,59.548170919077464
Sambar,0.869771972496,389.7973075484201
Sambar,0.589113046539,264.0171063727917
Sambar,0.159791123,71.61204486366096
Sambar,0.5462558952109999,244.81023063395958
Sambar,0.6386292071680001,286.2082860194871
Sambar,0.349943840248,156.8309522901443
Sambar,0.353851275496,158.58210982022575
Sambar,0.271427702832,121.64313303214983
Sambar,0.058034839500000004,26.008913711241412
Sambar,0.367780571832,164.8246680763115
Sambar,0.11486710600000001,51.478881891523464
Sambar,0.3592524160000001,161.00268681365105
Sambar,0.0978175665,43.83795438155934
Sambar,0.15140960733599998,67.85578190932996
Sambar,0.253808124297,113.746736631411
Sambar,0.12015635033600001,53.849311459657216
Sambar,0.342288871504,153.40029885437582
Sambar,0.468673588164,210.0409171166118
Sambar,0.3185528955,142.76277565178071
Sambar,0.352445783844,157.95222419611306
Sambar,0.70518150925,316.0343887027763
Sambar,0.179535868248,80.46085671237255
Sambar,0.334481136328,149.90118156168805
Sambar,0.660534248906,296.02525708916295
Sambar,0.19267199700800003,86.34794871369698
Sambar,0.08671981500000002,38.86438223698058
Sambar,0.22852524566399998,102.41595301241802
Sambar,0.48485633600000005,217.29338297511228
Sambar,0.281064435793,125.96193460376311
Sambar,0.35059048499999995,157.12075282550364
Sambar,0.102930000543,46.12914458772508
Sambar,0.392986281207,176.12086749399066
Sambar,0.14955557779099998,67.02487938819871
Sambar,0.5693758062500001,255.17165794909727
Sambar,0.157275948543,70.48484341045746
Sambar,0.08987687378900001,40.27925079407235
Sambar,0.5842744662539999,261.84864656138
Sambar,0.058198651664000005,26.0823278272282
Sambar,0.13275268149799999,59.494487583055964
Sambar,0.38332906266399996,171.79288509687404
Sambar,0.300873992086,134.83979219278285
Sambar,0.164487496836,73.71677338378129
Sambar,0.197684741254,88.59446190601373
Sambar,0.087304059414,39.12621741531343
Sambar,0.215243134002,96.46343726332162
Sambar,0.5922455401169999,265.4209657764387
Sambar,0.063999961797,28.682244979774946
Sambar,0.05346466845299999,23.96074427662038
Sambar,0.120813939246,54.144016732645156
Sambar,0.626942879586,280.97093741474873
Sambar,0.048142737461,21.57566584544614
Sambar,0.081183536586,36.38324179114313
Sambar,0.052691733633,23.61434554077493
Sambar,0.5091660557519999,228.18803537393944
Sambar,0.40155916033199995,179.9628919630861
Sambar,0.278259096414,124.7046927389147
Sambar,0.114486584375,51.30834718865957
Sambar,0.032619058494,14.618568518870156
Sambar,0.15619409599733333,70.0
Sambar,0.3436270111941333,154.0
Spinach_Paneer,0.215848969336,198.5490837152998
Spinach_Paneer,0.25920222004300003,238.42765358030263
Spinach_Paneer,0.080645300578,74.18173264835828
Spinach_Paneer,0.074759754996,68.76790238516308
Spinach_Paneer,0.660588833418,607.6438909631038
Spinach_Paneer,0.29825992125,274.354954092932
Spinach_Paneer,0.21641641616399998,199.07105075597244
Spinach_Paneer,0.220246132498,202.5938225873337
Spinach_Paneer,0.439635070781,404.39915345067226
Spinach_Paneer,0.19733064075,181.5149640528349
Spinach_Paneer,0.911687795422,838.6177472716315
Spinach_Paneer,0.021447342,19.72837820503989
Spinach_Paneer,0.010241896619,9.42102802466391
Spinach_Paneer,0.010022725163999999,9.219422746210808
Spinach_Paneer,0.013450370667999999,12.372348962229397
Spinach_Paneer,0.015547340380999999,14.301250528800114
Spinach_Paneer,0.012579263256000001,11.571059157593025
Spinach_Paneer,0.009927931719,9.132226816089554
Spinach_Paneer,0.01009330875,9.28434919162656
Spinach_Paneer,0.008647498617,7.954417999383577
Spinach_Paneer,0.5798061270429999,533.3357653318396
Spinach_Paneer,0.323273737922,297.3639607874095
Spinach_Paneer,0.26388270149599996,242.73300331951307
Spinach_Paneer,0.416146036293,382.7927205392892
Spinach_Paneer,0.44634609375,410.57230065348847
Spinach_Paneer,0.6501434975779999,598.0357289852615
Spinach_Paneer,0.6429439750020001,591.4132344927016
Spinach_Paneer,0.750831241875,690.653541491052
Spinach_Paneer,0.863126540586,793.948584933663
Spinach_Paneer,0.240444619336,221.17343900365157
Spinach_Paneer,0.842735300121,775.1916637280686
Spinach_Paneer,0.982531732504,903.783677123813
Spinach_Paneer,0.2629814825,241.90401531723967
Spinach_Paneer,0.39126329125,359.90428033127245
Spinach_Paneer,0.513177293664,472.0471066131277
Spinach_Paneer,0.909137554248,836.2719030922112
Spinach_Paneer,0.31777882375,292.30945356737965
Spinach_Paneer,0.12537047999999998,115.32227374317007
Spinach_Paneer,0.17526359,161.21654557907672
Spinach_Paneer,0.7484325975,688.4471439146348
Spinach_Paneer,0.39466403625,363.03246206768057
Spinach_Paneer,0.8519701601249999,783.686367212981
Spinach_Paneer,0.631048374418,580.4710437402416
Spinach_Paneer,0.839397846,772.1217002267147
Spinach_Paneer,0.716300958332,658.8907947010969
Spinach_Paneer,0.2481296025,228.24248533856598
Spinach_Paneer,0.121106640625,111.40017300940359
Spinach_Paneer,0.10137267,93.2478427123837
Spinach_Paneer,0.909469,836.5767840956432
Spinach_Paneer,0.094120098828,86.57655136820756
Spinach_Paneer,0.15070791575,138.62896206016055
Spinach_Paneer,0.540463667656,497.14652946740676
Spinach_Paneer,0.352230616008,324.0
Spinach_Paneer,0.494807355,455.14948370177683
Spinach_Paneer,0.600391965004,552.2716874131063
Spinach_Paneer,0.9438469286329999,868.1993869327544
Spinach_Paneer,0.6796756987560001,625.2009802348994
Spinach_Paneer,0.957948331332,881.170588943122
Spinach_Paneer,0.30012270867199997,276.06844263509294
Spinach_Paneer,0.20454187875,188.1482350003749
Spinach_Paneer,0.138467284219,127.36939393688893
Spinach_Paneer,0.293085184332,269.59496252708266
Spinach_Paneer,0.29829005999999997,274.38267727926564
Spinach_Paneer,0.69357024,637.9819003436548
Spinach_Paneer,0.21577927875,198.48497869762727
Spinach_Paneer,0.373399506172,343.47224375572233
Spinach_Paneer,0.44186933,406.45434102965197
Spinach_Paneer,0.544174190504,500.55966094466794
Spinach_Paneer,0.604837255752,556.360696536377
Spinach_Paneer,0.129509355492,119.1294262122148
Spinach_Paneer,0.236498200369,217.54331803404523
Spinach_Paneer,0.519815840547,478.15358655081474
Spinach_Paneer,0.473117861832,435.1983622857089
Spinach_Paneer,0.19306804787300003,177.5940099126172
Spinach_Paneer,0.032652380836,30.035354424226764
Spinach_Paneer,0.502983962117,462.6707512620273
Spinach_Paneer,0.223755606664,205.82201905324843
Spinach_Paneer,0.27432187975399996,252.33550123387715
Spinach_Paneer,0.536598833129,493.59145409962684
Spinach_Paneer,0.53335873275,490.61104162244413
Spinach_Paneer,0.529449155992,487.014810028643
Spinach_Paneer,0.21292111791600002,195.855894035109
Spinach_Paneer,0.286260996,263.31771995053793
Spinach_Paneer,0.48400303053900007,445.21110536022894
Spinach_Paneer,0.22506825674999997,207.02946272377346
Spinach_Paneer,0.8529172957110001,784.5575916776286
Spinach_Paneer,0.420952854125,387.2142810362694
Spinach_Paneer,0.470120386002,432.44112845996466
Spinach_Paneer,0.545642287008,501.9100922975325
Spinach_Paneer,0.331480326656,304.9128069949056
Spinach_Paneer,0.33949116134400004,312.28158847201905
Spinach_Paneer,0.233532985916,214.81575989710527
Spinach_Paneer,0.286125295668,263.19289574284613
Spinach_Paneer,0.406067532416,373.52198963816323
Spinach_Paneer,0.522335701289,480.4714852322554
Spinach_Paneer,0.362549467836,333.4918154195775
Spinach_Paneer,0.278080954668,255.7932934211081
Spinach_Paneer,0.41466732711900006,381.43252710180246
Spinach_Paneer,0.618298779125,568.7433043354473
Spinach_Paneer,0.406484875629,373.9058835839664
Spinach_Paneer,0.100621378086,92.55676542076498
Spinach_Paneer,0.16662580425000004,153.27106197881972
Spinach_Paneer,0.442467441754,407.0045152606495
Spinach_Paneer,0.349956913707,321.90853062725455
Spinach_Paneer,0.529973492844,487.4971222761511
Spinach_Paneer,0.19568367556,180.0
Spinach_Paneer,0.508777556456,468.0
Uttapam,0.360766293082,229.6681315807839
Uttapam,0.18006750000000002,114.63312143194845
Uttapam,0.212729485256,135.4261313979865
Uttapam,0.379598805586,241.65713399787595
Uttapam,0.349362937746,222.40861935918178
Uttapam,0.42080140766400004,267.8872026516843
Uttapam,0.285318239752,181.636999593157
Uttapam,0.5060253745000001,322.1417979519108
Uttapam,0.197237599086,125.56381160937649
Uttapam,0.609111932246,387.76793199663723
Uttapam,0.398571229375,253.73520561025921
Uttapam,0.32965947754100006,209.86516123203876
Uttapam,0.178055833203,113.35247031933167
Uttapam,0.159166371953,101.32721365027517
Uttapam,0.5444077012499999,346.5764456433235
Uttapam,0.621043652625,395.3638077160089
Uttapam,0.13796325,87.82905294068203
Uttapam,0.133345569084,84.88938211069983
Uttapam,0.13071391200000002,83.21403777550654
Uttapam,0.156676115043,99.74188635489548
Uttapam,0.154123311328,98.11674101632232
Uttapam,0.333301753248,212.1838774546173
Uttapam,0.280175390625,178.36300040684307
Uttapam,0.580349379258,369.4573471916821
Uttapam,0.5860454145,373.083511266692
Uttapam,0.2999703125,190.96468412563078
Uttapam,0.661156292043,420.8999931207019
Uttapam,0.95895587725,610.482766321962
Uttapam,0.287458115832,182.9992702668097
Uttapam,0.33683278870300004,214.43177680399202
Uttapam,0.5610044197070001,357.14211486321693
Uttapam,0.201295841328,128.1473370969156
Uttapam,0.211151899668,134.42182156818103
Uttapam,0.266882296875,169.90045813769385
Uttapam,0.307146438207,195.5330914705512
Uttapam,0.540226974672,343.91494516439394
Uttapam,0.190402196248,121.2123125128447
Uttapam,0.19669900912099997,125.22093880412359
Uttapam,0.304245024414,193.68601679212617
Uttapam,0.17240650299599997,109.75603922750106
Uttapam,0.649247833836,413.31892637789537
Uttapam,0.15962325504299998,101.61807088290277
Uttapam,0.080048440752,50.95979357275547
Uttapam,0.052284829996,33.28514732519888
Uttapam,0.10260468283199999,65.31936671840954
Uttapam,0.09659867886899999,61.49587285299051
Uttapam,0.080276564498,51.10501987442973
Uttapam,0.09708497699999999,61.80545605208558
Uttapam,0.3031543635,192.99168902617376
Uttapam,0.303771162828,193.3843508461344
Uttapam,0.46105332000000004,293.5120508596109
Uttapam,0.5642165068749999,359.1869679232046
Uttapam,0.413119982418,262.99711558436144
Uttapam,0.181003804668,115.22918416788994
Uttapam,0.34175982,217.56838378175317
Uttapam,0.265737081996,169.17140066596752
Uttapam,0.44139971208600004,281.0003292964112
Uttapam,0.6712712957070001,427.3393252783645
Uttapam,0.1398163215,89.00874039278517
Uttapam,0.207621634166,132.1744123800833
Uttapam,0.304627896496,193.92975773298895
Uttapam,0.1702644375,108.39237474546988
Uttapam,0.834334309578,531.1471877195816
Uttapam,0.330134025832,210.16726434263632
Uttapam,0.18064551146100002,115.00109043245033
Uttapam,0.642847237543,409.2442303217367
Uttapam,0.08687600775,55.30630427994304
Uttapam,0.112620155748,71.6953364129864
Uttapam,0.115256335594,73.37355999249395
Uttapam,0.391527327672,249.25097364571977
Uttapam,0.3718073475,236.69699871025117
Uttapam,0.348180039086,221.6555719423327
Uttapam,0.34453662003900004,219.3361278558528
Uttapam,0.29388226850400007,187.0889625952241
Uttapam,0.40840735007799994,259.99699754365247
Uttapam,0.106518650752,67.81104544918612
Uttapam,0.16511421074399998,105.11367887240772
Uttapam,0.130226811,82.90394346041568
Uttapam,0.583979403289,371.76826385097104
Uttapam,0.264702816836,168.51297511066682
Uttapam,0.21024508991600002,133.84453564808612
Uttapam,0.221551983168,141.04263895476055
Uttapam,0.295530060531,188.13796668272286
Uttapam,0.137046287508,87.24530366502718
Uttapam,0.110437822,70.30603668072199
Uttapam,0.10078409275200001,64.1603573262736
Uttapam,0.092613141834,58.958632368701664
Uttapam,0.1329237715,84.62086073029319
Uttapam,0.554746766121,353.15841784180543
Uttapam,0.17077857283200001,108.71967943924089
Uttapam,0.39954361499999996,254.35423791441906
Uttapam,0.58290977875,371.08732809262614
Uttapam,0.216373560498,137.74599322604178
Uttapam,0.330408199422,210.34180652507288
Uttapam,0.169493844922,107.90180630547692
Uttapam,0.10513192550000001,66.92823958913218
Uttapam,0.092213903664,58.70447258072282
Uttapam,0.109539094873,69.73389625625018
Uttapam,0.101356672242,64.5248682691512
Uttapam,0.398690281629,253.81099569725174
Uttapam,0.629246088828,400.58557658210805
Uttapam,0.278273475832,177.15221873097605
Uttapam,0.427600657168,272.2156861039349
Uttapam,0.598891,381.2611644383413
Uttapam,0.115722205375,73.67013825995947
Uttapam,0.117077669168,74.53304270179144
Uttapam,0.11100019841400001,70.6640522235408
Uttapam,0.125449971668,79.86295048163792
Uttapam,0.409372587621,260.6114792934263
Uttapam,0.14263331024999998,90.80206908036722
Uttapam,0.131507575875,83.71929367875963
Uttapam,0.682561967164,434.5271015965703
Uttapam,0.21234936761700002,135.18414396843974
Uttapam,0.18879845825599997,120.19135375025861
Uttapam,0.253431395996,161.3374539651946
Uttapam,0.928799100086,591.2846017523589
Uttapam,0.357277685709,227.44724245521988
Uttapam,0.438834515742,279.36729466218486
Uttapam,0.3354230475,213.53431871460265
Uttapam,0.140047743578,89.15606645200968
Uttapam,0.118989252828,75.74997969388667
Uttapam,0.334125504625,212.70828742104308
Uttapam,0.271617976832,172.91524856669201
Uttapam,0.6245099177969999,397.5704735295355
Uttapam,0.50676642275,322.6135581197877
Uttapam,0.30685763974799996,195.34923892181303
Uttapam,0.207343628754,131.99743081398987
Uttapam,0.19794012033400002,126.01104502756972
Uttapam,0.7980056892910001,508.01995409433096
Uttapam,0.727125,462.8964606117457
Uttapam,0.910273853041,579.4912081967958
Uttapam,0.401426213328,255.55272249792918
Uttapam,0.18849787679233332,120.0
Uttapam,0.42412022278274997,270.0
